PassengerId,Pclass,Name,Sex,SibSp,Parch,Ticket,Fare,Cabin,Age,Embarked,Survived
1,3,"Braund, Mr. Owen Harris",male,1,0,A/5 21171,7.25,,22,S,0
2,1,"Cumings, Mrs. John Bradley (Florence Briggs Thayer)",female,1,0,PC 17599,71.2833,C85,38,C,1
3,3,"Heikkinen, Miss. Laina",female,0,0,STON/O2. 3101282,7.925,,26,S,1
4,1,"Futrelle, Mrs. Jacques Heath (Lily May Peel)",female,1,0,113803,53.1,C123,35,S,1
5,3,"Allen, Mr. William Henry",male,0,0,373450,8.05,,35,S,0
6,3,"Moran, Mr. James",male,0,0,330877,8.4583,,,Q,0
7,1,"McCarthy, Mr. Timothy J",male,0,0,17463,51.8625,E46,54,S,0
8,3,"Palsson, Master. Gosta Leonard",male,3,1,349909,21.075,,2,S,0
9,3,"Johnson, Mrs. Oscar W (Elisabeth Vilhelmina Berg)",female,0,2,347742,11.1333,,27,S,1
10,2,"Nasser, Mrs. Nicholas (Adele Achem)",female,1,0,237736,30.0708,,14,C,1
11,3,"Sandstrom, Miss. Marguerite Rut",female,1,1,PP 9549,16.7,G6,4,S,1
12,1,"Bonnell, Miss. Elizabeth",female,0,0,113783,26.55,C103,58,S,1
13,3,"Saundercock, Mr. William Henry",male,0,0,A/5. 2151,8.05,,20,S,0
14,3,"Andersson, Mr. Anders Johan",male,1,5,347082,31.275,,39,S,0
15,3,"Vestrom, Miss. Hulda Amanda Adolfina",female,0,0,350406,7.8542,,14,S,0
16,2,"Hewlett, Mrs. (Mary D Kingcome) ",female,0,0,248706,16,,55,S,1
17,3,"Rice, Master. Eugene",male,4,1,382652,29.125,,2,Q,0
18,2,"Williams, Mr. Charles Eugene",male,0,0,244373,13,,,S,1
19,3,"Vander Planke, Mrs. Julius (Emelia Maria Vandemoortele)",female,1,0,345763,18,,31,S,0
20,3,"Masselmani, Mrs. Fatima",female,0,0,2649,7.225,,,C,1
21,2,"Fynney, Mr. Joseph J",male,0,0,239865,26,,35,S,0
22,2,"Beesley, Mr. Lawrence",male,0,0,248698,13,D56,34,S,1
23,3,"McGowan, Miss. Anna ""Annie""",female,0,0,330923,8.0292,,15,Q,1
24,1,"Sloper, Mr. William Thompson",male,0,0,113788,35.5,A6,28,S,1
25,3,"Palsson, Miss. Torborg Danira",female,3,1,349909,21.075,,8,S,0
26,3,"Asplund, Mrs. Carl Oscar (Selma Augusta Emilia Johansson)",female,1,5,347077,31.3875,,38,S,1
27,3,"Emir, Mr. Farred Chehab",male,0,0,2631,7.225,,,C,0
28,1,"Fortune, Mr. Charles Alexander",male,3,2,19950,263,C23 C25 C27,19,S,0
29,3,"O'Dwyer, Miss. Ellen ""Nellie""",female,0,0,330959,7.8792,,,Q,1
30,3,"Todoroff, Mr. Lalio",male,0,0,349216,7.8958,,,S,0
31,1,"Uruchurtu, Don. Manuel E",male,0,0,PC 17601,27.7208,,40,C,0
32,1,"Spencer, Mrs. William Augustus (Marie Eugenie)",female,1,0,PC 17569,146.5208,B78,,C,1
33,3,"Glynn, Miss. Mary Agatha",female,0,0,335677,7.75,,,Q,1
34,2,"Wheadon, Mr. Edward H",male,0,0,C.A. 24579,10.5,,66,S,0
35,1,"Meyer, Mr. Edgar Joseph",male,1,0,PC 17604,82.1708,,28,C,0
36,1,"Holverson, Mr. Alexander Oskar",male,1,0,113789,52,,42,S,0
37,3,"Mamee, Mr. Hanna",male,0,0,2677,7.2292,,,C,1
38,3,"Cann, Mr. Ernest Charles",male,0,0,A./5. 2152,8.05,,21,S,0
39,3,"Vander Planke, Miss. Augusta Maria",female,2,0,345764,18,,18,S,0
40,3,"Nicola-Yarred, Miss. Jamila",female,1,0,2651,11.2417,,14,C,1
41,3,"Ahlin, Mrs. Johan (Johanna Persdotter Larsson)",female,1,0,7546,9.475,,40,S,0
42,2,"Turpin, Mrs. William John Robert (Dorothy Ann Wonnacott)",female,1,0,11668,21,,27,S,0
43,3,"Kraeff, Mr. Theodor",male,0,0,349253,7.8958,,,C,0
44,2,"Laroche, Miss. Simonne Marie Anne Andree",female,1,2,SC/Paris 2123,41.5792,,3,C,1
45,3,"Devaney, Miss. Margaret Delia",female,0,0,330958,7.8792,,19,Q,1
46,3,"Rogers, Mr. William John",male,0,0,S.C./A.4. 23567,8.05,,,S,0
47,3,"Lennon, Mr. Denis",male,1,0,370371,15.5,,,Q,0
48,3,"O'Driscoll, Miss. Bridget",female,0,0,14311,7.75,,,Q,1
49,3,"Samaan, Mr. Youssef",male,2,0,2662,21.6792,,,C,0
50,3,"Arnold-Franchi, Mrs. Josef (Josefine Franchi)",female,1,0,349237,17.8,,18,S,0
51,3,"Panula, Master. Juha Niilo",male,4,1,3101295,39.6875,,7,S,0
52,3,"Nosworthy, Mr. Richard Cater",male,0,0,A/4. 39886,7.8,,21,S,0
53,1,"Harper, Mrs. Henry Sleeper (Myna Haxtun)",female,1,0,PC 17572,76.7292,D33,49,C,1
54,2,"Faunthorpe, Mrs. Lizzie (Elizabeth Anne Wilkinson)",female,1,0,2926,26,,29,S,1
55,1,"Ostby, Mr. Engelhart Cornelius",male,0,1,113509,61.9792,B30,65,C,0
56,1,"Woolner, Mr. Hugh",male,0,0,19947,35.5,C52,,S,1
57,2,"Rugg, Miss. Emily",female,0,0,C.A. 31026,10.5,,21,S,1
58,3,"Novel, Mr. Mansouer",male,0,0,2697,7.2292,,28.5,C,0
59,2,"West, Miss. Constance Mirium",female,1,2,C.A. 34651,27.75,,5,S,1
60,3,"Goodwin, Master. William Frederick",male,5,2,CA 2144,46.9,,11,S,0
61,3,"Sirayanian, Mr. Orsen",male,0,0,2669,7.2292,,22,C,0
62,1,"Icard, Miss. Amelie",female,0,0,113572,80,B28,38,,1
63,1,"Harris, Mr. Henry Birkhardt",male,1,0,36973,83.475,C83,45,S,0
64,3,"Skoog, Master. Harald",male,3,2,347088,27.9,,4,S,0
65,1,"Stewart, Mr. Albert A",male,0,0,PC 17605,27.7208,,,C,0
66,3,"Moubarek, Master. Gerios",male,1,1,2661,15.2458,,,C,1
67,2,"Nye, Mrs. (Elizabeth Ramell)",female,0,0,C.A. 29395,10.5,F33,29,S,1
68,3,"Crease, Mr. Ernest James",male,0,0,S.P. 3464,8.1583,,19,S,0
69,3,"Andersson, Miss. Erna Alexandra",female,4,2,3101281,7.925,,17,S,1
70,3,"Kink, Mr. Vincenz",male,2,0,315151,8.6625,,26,S,0
71,2,"Jenkin, Mr. Stephen Curnow",male,0,0,C.A. 33111,10.5,,32,S,0
72,3,"Goodwin, Miss. Lillian Amy",female,5,2,CA 2144,46.9,,16,S,0
73,2,"Hood, Mr. Ambrose Jr",male,0,0,S.O.C. 14879,73.5,,21,S,0
74,3,"Chronopoulos, Mr. Apostolos",male,1,0,2680,14.4542,,26,C,0
75,3,"Bing, Mr. Lee",male,0,0,1601,56.4958,,32,S,1
76,3,"Moen, Mr. Sigurd Hansen",male,0,0,348123,7.65,F G73,25,S,0
77,3,"Staneff, Mr. Ivan",male,0,0,349208,7.8958,,,S,0
78,3,"Moutal, Mr. Rahamin Haim",male,0,0,374746,8.05,,,S,0
79,2,"Caldwell, Master. Alden Gates",male,0,2,248738,29,,0.83,S,1
80,3,"Dowdell, Miss. Elizabeth",female,0,0,364516,12.475,,30,S,1
81,3,"Waelens, Mr. Achille",male,0,0,345767,9,,22,S,0
82,3,"Sheerlinck, Mr. Jan Baptist",male,0,0,345779,9.5,,29,S,1
83,3,"McDermott, Miss. Brigdet Delia",female,0,0,330932,7.7875,,,Q,1
84,1,"Carrau, Mr. Francisco M",male,0,0,113059,47.1,,28,S,0
85,2,"Ilett, Miss. Bertha",female,0,0,SO/C 14885,10.5,,17,S,1
86,3,"Backstrom, Mrs. Karl Alfred (Maria Mathilda Gustafsson)",female,3,0,3101278,15.85,,33,S,1
87,3,"Ford, Mr. William Neal",male,1,3,W./C. 6608,34.375,,16,S,0
88,3,"Slocovski, Mr. Selman Francis",male,0,0,SOTON/OQ 392086,8.05,,,S,0
89,1,"Fortune, Miss. Mabel Helen",female,3,2,19950,263,C23 C25 C27,23,S,1
90,3,"Celotti, Mr. Francesco",male,0,0,343275,8.05,,24,S,0
91,3,"Christmann, Mr. Emil",male,0,0,343276,8.05,,29,S,0
92,3,"Andreasson, Mr. Paul Edvin",male,0,0,347466,7.8542,,20,S,0
93,1,"Chaffee, Mr. Herbert Fuller",male,1,0,W.E.P. 5734,61.175,E31,46,S,0
94,3,"Dean, Mr. Bertram Frank",male,1,2,C.A. 2315,20.575,,26,S,0
95,3,"Coxon, Mr. Daniel",male,0,0,364500,7.25,,59,S,0
96,3,"Shorney, Mr. Charles Joseph",male,0,0,374910,8.05,,,S,0
97,1,"Goldschmidt, Mr. George B",male,0,0,PC 17754,34.6542,A5,71,C,0
98,1,"Greenfield, Mr. William Bertram",male,0,1,PC 17759,63.3583,D10 D12,23,C,1
99,2,"Doling, Mrs. John T (Ada Julia Bone)",female,0,1,231919,23,,34,S,1
100,2,"Kantor, Mr. Sinai",male,1,0,244367,26,,34,S,0
101,3,"Petranec, Miss. Matilda",female,0,0,349245,7.8958,,28,S,0
102,3,"Petroff, Mr. Pastcho (""Pentcho"")",male,0,0,349215,7.8958,,,S,0
103,1,"White, Mr. Richard Frasar",male,0,1,35281,77.2875,D26,21,S,0
104,3,"Johansson, Mr. Gustaf Joel",male,0,0,7540,8.6542,,33,S,0
105,3,"Gustafsson, Mr. Anders Vilhelm",male,2,0,3101276,7.925,,37,S,0
106,3,"Mionoff, Mr. Stoytcho",male,0,0,349207,7.8958,,28,S,0
107,3,"Salkjelsvik, Miss. Anna Kristine",female,0,0,343120,7.65,,21,S,1
108,3,"Moss, Mr. Albert Johan",male,0,0,312991,7.775,,,S,1
109,3,"Rekic, Mr. Tido",male,0,0,349249,7.8958,,38,S,0
110,3,"Moran, Miss. Bertha",female,1,0,371110,24.15,,,Q,1
111,1,"Porter, Mr. Walter Chamberlain",male,0,0,110465,52,C110,47,S,0
112,3,"Zabour, Miss. Hileni",female,1,0,2665,14.4542,,14.5,C,0
113,3,"Barton, Mr. David John",male,0,0,324669,8.05,,22,S,0
114,3,"Jussila, Miss. Katriina",female,1,0,4136,9.825,,20,S,0
115,3,"Attalah, Miss. Malake",female,0,0,2627,14.4583,,17,C,0
116,3,"Pekoniemi, Mr. Edvard",male,0,0,STON/O 2. 3101294,7.925,,21,S,0
117,3,"Connors, Mr. Patrick",male,0,0,370369,7.75,,70.5,Q,0
118,2,"Turpin, Mr. William John Robert",male,1,0,11668,21,,29,S,0
119,1,"Baxter, Mr. Quigg Edmond",male,0,1,PC 17558,247.5208,B58 B60,24,C,0
120,3,"Andersson, Miss. Ellis Anna Maria",female,4,2,347082,31.275,,2,S,0
121,2,"Hickman, Mr. Stanley George",male,2,0,S.O.C. 14879,73.5,,21,S,0
122,3,"Moore, Mr. Leonard Charles",male,0,0,A4. 54510,8.05,,,S,0
123,2,"Nasser, Mr. Nicholas",male,1,0,237736,30.0708,,32.5,C,0
124,2,"Webber, Miss. Susan",female,0,0,27267,13,E101,32.5,S,1
125,1,"White, Mr. Percival Wayland",male,0,1,35281,77.2875,D26,54,S,0
126,3,"Nicola-Yarred, Master. Elias",male,1,0,2651,11.2417,,12,C,1
127,3,"McMahon, Mr. Martin",male,0,0,370372,7.75,,,Q,0
128,3,"Madsen, Mr. Fridtjof Arne",male,0,0,C 17369,7.1417,,24,S,1
129,3,"Peter, Miss. Anna",female,1,1,2668,22.3583,F E69,,C,1
130,3,"Ekstrom, Mr. Johan",male,0,0,347061,6.975,,45,S,0
131,3,"Drazenoic, Mr. Jozef",male,0,0,349241,7.8958,,33,C,0
132,3,"Coelho, Mr. Domingos Fernandeo",male,0,0,SOTON/O.Q. 3101307,7.05,,20,S,0
133,3,"Robins, Mrs. Alexander A (Grace Charity Laury)",female,1,0,A/5. 3337,14.5,,47,S,0
134,2,"Weisz, Mrs. Leopold (Mathilde Francoise Pede)",female,1,0,228414,26,,29,S,1
135,2,"Sobey, Mr. Samuel James Hayden",male,0,0,C.A. 29178,13,,25,S,0
136,2,"Richard, Mr. Emile",male,0,0,SC/PARIS 2133,15.0458,,23,C,0
137,1,"Newsom, Miss. Helen Monypeny",female,0,2,11752,26.2833,D47,19,S,1
138,1,"Futrelle, Mr. Jacques Heath",male,1,0,113803,53.1,C123,37,S,0
139,3,"Osen, Mr. Olaf Elon",male,0,0,7534,9.2167,,16,S,0
140,1,"Giglio, Mr. Victor",male,0,0,PC 17593,79.2,B86,24,C,0
141,3,"Boulos, Mrs. Joseph (Sultana)",female,0,2,2678,15.2458,,,C,0
142,3,"Nysten, Miss. Anna Sofia",female,0,0,347081,7.75,,22,S,1
143,3,"Hakkarainen, Mrs. Pekka Pietari (Elin Matilda Dolck)",female,1,0,STON/O2. 3101279,15.85,,24,S,1
144,3,"Burke, Mr. Jeremiah",male,0,0,365222,6.75,,19,Q,0
145,2,"Andrew, Mr. Edgardo Samuel",male,0,0,231945,11.5,,18,S,0
146,2,"Nicholls, Mr. Joseph Charles",male,1,1,C.A. 33112,36.75,,19,S,0
147,3,"Andersson, Mr. August Edvard (""Wennerstrom"")",male,0,0,350043,7.7958,,27,S,1
148,3,"Ford, Miss. Robina Maggie ""Ruby""",female,2,2,W./C. 6608,34.375,,9,S,0
149,2,"Navratil, Mr. Michel (""Louis M Hoffman"")",male,0,2,230080,26,F2,36.5,S,0
150,2,"Byles, Rev. Thomas Roussel Davids",male,0,0,244310,13,,42,S,0
151,2,"Bateman, Rev. Robert James",male,0,0,S.O.P. 1166,12.525,,51,S,0
152,1,"Pears, Mrs. Thomas (Edith Wearne)",female,1,0,113776,66.6,C2,22,S,1
153,3,"Meo, Mr. Alfonzo",male,0,0,A.5. 11206,8.05,,55.5,S,0
154,3,"van Billiard, Mr. Austin Blyler",male,0,2,A/5. 851,14.5,,40.5,S,0
155,3,"Olsen, Mr. Ole Martin",male,0,0,Fa 265302,7.3125,,,S,0
156,1,"Williams, Mr. Charles Duane",male,0,1,PC 17597,61.3792,,51,C,0
157,3,"Gilnagh, Miss. Katherine ""Katie""",female,0,0,35851,7.7333,,16,Q,1
158,3,"Corn, Mr. Harry",male,0,0,SOTON/OQ 392090,8.05,,30,S,0
159,3,"Smiljanic, Mr. Mile",male,0,0,315037,8.6625,,,S,0
160,3,"Sage, Master. Thomas Henry",male,8,2,CA. 2343,69.55,,,S,0
161,3,"Cribb, Mr. John Hatfield",male,0,1,371362,16.1,,44,S,0
162,2,"Watt, Mrs. James (Elizabeth ""Bessie"" Inglis Milne)",female,0,0,C.A. 33595,15.75,,40,S,1
163,3,"Bengtsson, Mr. John Viktor",male,0,0,347068,7.775,,26,S,0
164,3,"Calic, Mr. Jovo",male,0,0,315093,8.6625,,17,S,0
165,3,"Panula, Master. Eino Viljami",male,4,1,3101295,39.6875,,1,S,0
166,3,"Goldsmith, Master. Frank John William ""Frankie""",male,0,2,363291,20.525,,9,S,1
167,1,"Chibnall, Mrs. (Edith Martha Bowerman)",female,0,1,113505,55,E33,,S,1
168,3,"Skoog, Mrs. William (Anna Bernhardina Karlsson)",female,1,4,347088,27.9,,45,S,0
169,1,"Baumann, Mr. John D",male,0,0,PC 17318,25.925,,,S,0
170,3,"Ling, Mr. Lee",male,0,0,1601,56.4958,,28,S,0
171,1,"Van der hoef, Mr. Wyckoff",male,0,0,111240,33.5,B19,61,S,0
172,3,"Rice, Master. Arthur",male,4,1,382652,29.125,,4,Q,0
173,3,"Johnson, Miss. Eleanor Ileen",female,1,1,347742,11.1333,,1,S,1
174,3,"Sivola, Mr. Antti Wilhelm",male,0,0,STON/O 2. 3101280,7.925,,21,S,0
175,1,"Smith, Mr. James Clinch",male,0,0,17764,30.6958,A7,56,C,0
176,3,"Klasen, Mr. Klas Albin",male,1,1,350404,7.8542,,18,S,0
177,3,"Lefebre, Master. Henry Forbes",male,3,1,4133,25.4667,,,S,0
178,1,"Isham, Miss. Ann Elizabeth",female,0,0,PC 17595,28.7125,C49,50,C,0
179,2,"Hale, Mr. Reginald",male,0,0,250653,13,,30,S,0
180,3,"Leonard, Mr. Lionel",male,0,0,LINE,0,,36,S,0
181,3,"Sage, Miss. Constance Gladys",female,8,2,CA. 2343,69.55,,,S,0
182,2,"Pernot, Mr. Rene",male,0,0,SC/PARIS 2131,15.05,,,C,0
183,3,"Asplund, Master. Clarence Gustaf Hugo",male,4,2,347077,31.3875,,9,S,0
184,2,"Becker, Master. Richard F",male,2,1,230136,39,F4,1,S,1
185,3,"Kink-Heilmann, Miss. Luise Gretchen",female,0,2,315153,22.025,,4,S,1
186,1,"Rood, Mr. Hugh Roscoe",male,0,0,113767,50,A32,,S,0
187,3,"O'Brien, Mrs. Thomas (Johanna ""Hannah"" Godfrey)",female,1,0,370365,15.5,,,Q,1
188,1,"Romaine, Mr. Charles Hallace (""Mr C Rolmane"")",male,0,0,111428,26.55,,45,S,1
189,3,"Bourke, Mr. John",male,1,1,364849,15.5,,40,Q,0
190,3,"Turcin, Mr. Stjepan",male,0,0,349247,7.8958,,36,S,0
191,2,"Pinsky, Mrs. (Rosa)",female,0,0,234604,13,,32,S,1
192,2,"Carbines, Mr. William",male,0,0,28424,13,,19,S,0
193,3,"Andersen-Jensen, Miss. Carla Christine Nielsine",female,1,0,350046,7.8542,,19,S,1
194,2,"Navratil, Master. Michel M",male,1,1,230080,26,F2,3,S,1
195,1,"Brown, Mrs. James Joseph (Margaret Tobin)",female,0,0,PC 17610,27.7208,B4,44,C,1
196,1,"Lurette, Miss. Elise",female,0,0,PC 17569,146.5208,B80,58,C,1
197,3,"Mernagh, Mr. Robert",male,0,0,368703,7.75,,,Q,0
198,3,"Olsen, Mr. Karl Siegwart Andreas",male,0,1,4579,8.4042,,42,S,0
199,3,"Madigan, Miss. Margaret ""Maggie""",female,0,0,370370,7.75,,,Q,1
200,2,"Yrois, Miss. Henriette (""Mrs Harbeck"")",female,0,0,248747,13,,24,S,0
201,3,"Vande Walle, Mr. Nestor Cyriel",male,0,0,345770,9.5,,28,S,0
202,3,"Sage, Mr. Frederick",male,8,2,CA. 2343,69.55,,,S,0
203,3,"Johanson, Mr. Jakob Alfred",male,0,0,3101264,6.4958,,34,S,0
204,3,"Youseff, Mr. Gerious",male,0,0,2628,7.225,,45.5,C,0
205,3,"Cohen, Mr. Gurshon ""Gus""",male,0,0,A/5 3540,8.05,,18,S,1
206,3,"Strom, Miss. Telma Matilda",female,0,1,347054,10.4625,G6,2,S,0
207,3,"Backstrom, Mr. Karl Alfred",male,1,0,3101278,15.85,,32,S,0
208,3,"Albimona, Mr. Nassef Cassem",male,0,0,2699,18.7875,,26,C,1
209,3,"Carr, Miss. Helen ""Ellen""",female,0,0,367231,7.75,,16,Q,1
210,1,"Blank, Mr. Henry",male,0,0,112277,31,A31,40,C,1
211,3,"Ali, Mr. Ahmed",male,0,0,SOTON/O.Q. 3101311,7.05,,24,S,0
212,2,"Cameron, Miss. Clear Annie",female,0,0,F.C.C. 13528,21,,35,S,1
213,3,"Perkin, Mr. John Henry",male,0,0,A/5 21174,7.25,,22,S,0
214,2,"Givard, Mr. Hans Kristensen",male,0,0,250646,13,,30,S,0
215,3,"Kiernan, Mr. Philip",male,1,0,367229,7.75,,,Q,0
216,1,"Newell, Miss. Madeleine",female,1,0,35273,113.275,D36,31,C,1
217,3,"Honkanen, Miss. Eliina",female,0,0,STON/O2. 3101283,7.925,,27,S,1
218,2,"Jacobsohn, Mr. Sidney Samuel",male,1,0,243847,27,,42,S,0
219,1,"Bazzani, Miss. Albina",female,0,0,11813,76.2917,D15,32,C,1
220,2,"Harris, Mr. Walter",male,0,0,W/C 14208,10.5,,30,S,0
221,3,"Sunderland, Mr. Victor Francis",male,0,0,SOTON/OQ 392089,8.05,,16,S,1
222,2,"Bracken, Mr. James H",male,0,0,220367,13,,27,S,0
223,3,"Green, Mr. George Henry",male,0,0,21440,8.05,,51,S,0
224,3,"Nenkoff, Mr. Christo",male,0,0,349234,7.8958,,,S,0
225,1,"Hoyt, Mr. Frederick Maxfield",male,1,0,19943,90,C93,38,S,1
226,3,"Berglund, Mr. Karl Ivar Sven",male,0,0,PP 4348,9.35,,22,S,0
227,2,"Mellors, Mr. William John",male,0,0,SW/PP 751,10.5,,19,S,1
228,3,"Lovell, Mr. John Hall (""Henry"")",male,0,0,A/5 21173,7.25,,20.5,S,0
229,2,"Fahlstrom, Mr. Arne Jonas",male,0,0,236171,13,,18,S,0
230,3,"Lefebre, Miss. Mathilde",female,3,1,4133,25.4667,,,S,0
231,1,"Harris, Mrs. Henry Birkhardt (Irene Wallach)",female,1,0,36973,83.475,C83,35,S,1
232,3,"Larsson, Mr. Bengt Edvin",male,0,0,347067,7.775,,29,S,0
233,2,"Sjostedt, Mr. Ernst Adolf",male,0,0,237442,13.5,,59,S,0
234,3,"Asplund, Miss. Lillian Gertrud",female,4,2,347077,31.3875,,5,S,1
235,2,"Leyson, Mr. Robert William Norman",male,0,0,C.A. 29566,10.5,,24,S,0
236,3,"Harknett, Miss. Alice Phoebe",female,0,0,W./C. 6609,7.55,,,S,0
237,2,"Hold, Mr. Stephen",male,1,0,26707,26,,44,S,0
238,2,"Collyer, Miss. Marjorie ""Lottie""",female,0,2,C.A. 31921,26.25,,8,S,1
239,2,"Pengelly, Mr. Frederick William",male,0,0,28665,10.5,,19,S,0
240,2,"Hunt, Mr. George Henry",male,0,0,SCO/W 1585,12.275,,33,S,0
241,3,"Zabour, Miss. Thamine",female,1,0,2665,14.4542,,,C,0
242,3,"Murphy, Miss. Katherine ""Kate""",female,1,0,367230,15.5,,,Q,1
243,2,"Coleridge, Mr. Reginald Charles",male,0,0,W./C. 14263,10.5,,29,S,0
244,3,"Maenpaa, Mr. Matti Alexanteri",male,0,0,STON/O 2. 3101275,7.125,,22,S,0
245,3,"Attalah, Mr. Sleiman",male,0,0,2694,7.225,,30,C,0
246,1,"Minahan, Dr. William Edward",male,2,0,19928,90,C78,44,Q,0
247,3,"Lindahl, Miss. Agda Thorilda Viktoria",female,0,0,347071,7.775,,25,S,0
248,2,"Hamalainen, Mrs. William (Anna)",female,0,2,250649,14.5,,24,S,1
249,1,"Beckwith, Mr. Richard Leonard",male,1,1,11751,52.5542,D35,37,S,1
250,2,"Carter, Rev. Ernest Courtenay",male,1,0,244252,26,,54,S,0
251,3,"Reed, Mr. James George",male,0,0,362316,7.25,,,S,0
252,3,"Strom, Mrs. Wilhelm (Elna Matilda Persson)",female,1,1,347054,10.4625,G6,29,S,0
253,1,"Stead, Mr. William Thomas",male,0,0,113514,26.55,C87,62,S,0
254,3,"Lobb, Mr. William Arthur",male,1,0,A/5. 3336,16.1,,30,S,0
255,3,"Rosblom, Mrs. Viktor (Helena Wilhelmina)",female,0,2,370129,20.2125,,41,S,0
256,3,"Touma, Mrs. Darwis (Hanne Youssef Razi)",female,0,2,2650,15.2458,,29,C,1
257,1,"Thorne, Mrs. Gertrude Maybelle",female,0,0,PC 17585,79.2,,,C,1
258,1,"Cherry, Miss. Gladys",female,0,0,110152,86.5,B77,30,S,1
259,1,"Ward, Miss. Anna",female,0,0,PC 17755,512.3292,,35,C,1
260,2,"Parrish, Mrs. (Lutie Davis)",female,0,1,230433,26,,50,S,1
261,3,"Smith, Mr. Thomas",male,0,0,384461,7.75,,,Q,0
262,3,"Asplund, Master. Edvin Rojj Felix",male,4,2,347077,31.3875,,3,S,1
263,1,"Taussig, Mr. Emil",male,1,1,110413,79.65,E67,52,S,0
264,1,"Harrison, Mr. William",male,0,0,112059,0,B94,40,S,0
265,3,"Henry, Miss. Delia",female,0,0,382649,7.75,,,Q,0
266,2,"Reeves, Mr. David",male,0,0,C.A. 17248,10.5,,36,S,0
267,3,"Panula, Mr. Ernesti Arvid",male,4,1,3101295,39.6875,,16,S,0
268,3,"Persson, Mr. Ernst Ulrik",male,1,0,347083,7.775,,25,S,1
269,1,"Graham, Mrs. William Thompson (Edith Junkins)",female,0,1,PC 17582,153.4625,C125,58,S,1
270,1,"Bissette, Miss. Amelia",female,0,0,PC 17760,135.6333,C99,35,S,1
271,1,"Cairns, Mr. Alexander",male,0,0,113798,31,,,S,0
272,3,"Tornquist, Mr. William Henry",male,0,0,LINE,0,,25,S,1
273,2,"Mellinger, Mrs. (Elizabeth Anne Maidment)",female,0,1,250644,19.5,,41,S,1
274,1,"Natsch, Mr. Charles H",male,0,1,PC 17596,29.7,C118,37,C,0
275,3,"Healy, Miss. Hanora ""Nora""",female,0,0,370375,7.75,,,Q,1
276,1,"Andrews, Miss. Kornelia Theodosia",female,1,0,13502,77.9583,D7,63,S,1
277,3,"Lindblom, Miss. Augusta Charlotta",female,0,0,347073,7.75,,45,S,0
278,2,"Parkes, Mr. Francis ""Frank""",male,0,0,239853,0,,,S,0
279,3,"Rice, Master. Eric",male,4,1,382652,29.125,,7,Q,0
280,3,"Abbott, Mrs. Stanton (Rosa Hunt)",female,1,1,C.A. 2673,20.25,,35,S,1
281,3,"Duane, Mr. Frank",male,0,0,336439,7.75,,65,Q,0
282,3,"Olsson, Mr. Nils Johan Goransson",male,0,0,347464,7.8542,,28,S,0
283,3,"de Pelsmaeker, Mr. Alfons",male,0,0,345778,9.5,,16,S,0
284,3,"Dorking, Mr. Edward Arthur",male,0,0,A/5. 10482,8.05,,19,S,1
285,1,"Smith, Mr. Richard William",male,0,0,113056,26,A19,,S,0
286,3,"Stankovic, Mr. Ivan",male,0,0,349239,8.6625,,33,C,0
287,3,"de Mulder, Mr. Theodore",male,0,0,345774,9.5,,30,S,1
288,3,"Naidenoff, Mr. Penko",male,0,0,349206,7.8958,,22,S,0
289,2,"Hosono, Mr. Masabumi",male,0,0,237798,13,,42,S,1
290,3,"Connolly, Miss. Kate",female,0,0,370373,7.75,,22,Q,1
291,1,"Barber, Miss. Ellen ""Nellie""",female,0,0,19877,78.85,,26,S,1
292,1,"Bishop, Mrs. Dickinson H (Helen Walton)",female,1,0,11967,91.0792,B49,19,C,1
293,2,"Levy, Mr. Rene Jacques",male,0,0,SC/Paris 2163,12.875,D,36,C,0
294,3,"Haas, Miss. Aloisia",female,0,0,349236,8.85,,24,S,0
295,3,"Mineff, Mr. Ivan",male,0,0,349233,7.8958,,24,S,0
296,1,"Lewy, Mr. Ervin G",male,0,0,PC 17612,27.7208,,,C,0
297,3,"Hanna, Mr. Mansour",male,0,0,2693,7.2292,,23.5,C,0
298,1,"Allison, Miss. Helen Loraine",female,1,2,113781,151.55,C22 C26,2,S,0
299,1,"Saalfeld, Mr. Adolphe",male,0,0,19988,30.5,C106,,S,1
300,1,"Baxter, Mrs. James (Helene DeLaudeniere Chaput)",female,0,1,PC 17558,247.5208,B58 B60,50,C,1
301,3,"Kelly, Miss. Anna Katherine ""Annie Kate""",female,0,0,9234,7.75,,,Q,1
302,3,"McCoy, Mr. Bernard",male,2,0,367226,23.25,,,Q,1
303,3,"Johnson, Mr. William Cahoone Jr",male,0,0,LINE,0,,19,S,0
304,2,"Keane, Miss. Nora A",female,0,0,226593,12.35,E101,,Q,1
305,3,"Williams, Mr. Howard Hugh ""Harry""",male,0,0,A/5 2466,8.05,,,S,0
306,1,"Allison, Master. Hudson Trevor",male,1,2,113781,151.55,C22 C26,0.92,S,1
307,1,"Fleming, Miss. Margaret",female,0,0,17421,110.8833,,,C,1
308,1,"Penasco y Castellana, Mrs. Victor de Satode (Maria Josefa Perez de Soto y Vallejo)",female,1,0,PC 17758,108.9,C65,17,C,1
309,2,"Abelson, Mr. Samuel",male,1,0,P/PP 3381,24,,30,C,0
310,1,"Francatelli, Miss. Laura Mabel",female,0,0,PC 17485,56.9292,E36,30,C,1
311,1,"Hays, Miss. Margaret Bechstein",female,0,0,11767,83.1583,C54,24,C,1
312,1,"Ryerson, Miss. Emily Borie",female,2,2,PC 17608,262.375,B57 B59 B63 B66,18,C,1
313,2,"Lahtinen, Mrs. William (Anna Sylfven)",female,1,1,250651,26,,26,S,0
314,3,"Hendekovic, Mr. Ignjac",male,0,0,349243,7.8958,,28,S,0
315,2,"Hart, Mr. Benjamin",male,1,1,F.C.C. 13529,26.25,,43,S,0
316,3,"Nilsson, Miss. Helmina Josefina",female,0,0,347470,7.8542,,26,S,1
317,2,"Kantor, Mrs. Sinai (Miriam Sternin)",female,1,0,244367,26,,24,S,1
318,2,"Moraweck, Dr. Ernest",male,0,0,29011,14,,54,S,0
319,1,"Wick, Miss. Mary Natalie",female,0,2,36928,164.8667,C7,31,S,1
320,1,"Spedden, Mrs. Frederic Oakley (Margaretta Corning Stone)",female,1,1,16966,134.5,E34,40,C,1
321,3,"Dennis, Mr. Samuel",male,0,0,A/5 21172,7.25,,22,S,0
322,3,"Danoff, Mr. Yoto",male,0,0,349219,7.8958,,27,S,0
323,2,"Slayter, Miss. Hilda Mary",female,0,0,234818,12.35,,30,Q,1
324,2,"Caldwell, Mrs. Albert Francis (Sylvia Mae Harbaugh)",female,1,1,248738,29,,22,S,1
325,3,"Sage, Mr. George John Jr",male,8,2,CA. 2343,69.55,,,S,0
326,1,"Young, Miss. Marie Grice",female,0,0,PC 17760,135.6333,C32,36,C,1
327,3,"Nysveen, Mr. Johan Hansen",male,0,0,345364,6.2375,,61,S,0
328,2,"Ball, Mrs. (Ada E Hall)",female,0,0,28551,13,D,36,S,1
329,3,"Goldsmith, Mrs. Frank John (Emily Alice Brown)",female,1,1,363291,20.525,,31,S,1
330,1,"Hippach, Miss. Jean Gertrude",female,0,1,111361,57.9792,B18,16,C,1
331,3,"McCoy, Miss. Agnes",female,2,0,367226,23.25,,,Q,1
332,1,"Partner, Mr. Austen",male,0,0,113043,28.5,C124,45.5,S,0
333,1,"Graham, Mr. George Edward",male,0,1,PC 17582,153.4625,C91,38,S,0
334,3,"Vander Planke, Mr. Leo Edmondus",male,2,0,345764,18,,16,S,0
335,1,"Frauenthal, Mrs. Henry William (Clara Heinsheimer)",female,1,0,PC 17611,133.65,,,S,1
336,3,"Denkoff, Mr. Mitto",male,0,0,349225,7.8958,,,S,0
337,1,"Pears, Mr. Thomas Clinton",male,1,0,113776,66.6,C2,29,S,0
338,1,"Burns, Miss. Elizabeth Margaret",female,0,0,16966,134.5,E40,41,C,1
339,3,"Dahl, Mr. Karl Edwart",male,0,0,7598,8.05,,45,S,1
340,1,"Blackwell, Mr. Stephen Weart",male,0,0,113784,35.5,T,45,S,0
341,2,"Navratil, Master. Edmond Roger",male,1,1,230080,26,F2,2,S,1
342,1,"Fortune, Miss. Alice Elizabeth",female,3,2,19950,263,C23 C25 C27,24,S,1
343,2,"Collander, Mr. Erik Gustaf",male,0,0,248740,13,,28,S,0
344,2,"Sedgwick, Mr. Charles Frederick Waddington",male,0,0,244361,13,,25,S,0
345,2,"Fox, Mr. Stanley Hubert",male,0,0,229236,13,,36,S,0
346,2,"Brown, Miss. Amelia ""Mildred""",female,0,0,248733,13,F33,24,S,1
347,2,"Smith, Miss. Marion Elsie",female,0,0,31418,13,,40,S,1
348,3,"Davison, Mrs. Thomas Henry (Mary E Finck)",female,1,0,386525,16.1,,,S,1
349,3,"Coutts, Master. William Loch ""William""",male,1,1,C.A. 37671,15.9,,3,S,1
350,3,"Dimic, Mr. Jovan",male,0,0,315088,8.6625,,42,S,0
351,3,"Odahl, Mr. Nils Martin",male,0,0,7267,9.225,,23,S,0
352,1,"Williams-Lambert, Mr. Fletcher Fellows",male,0,0,113510,35,C128,,S,0
353,3,"Elias, Mr. Tannous",male,1,1,2695,7.2292,,15,C,0
354,3,"Arnold-Franchi, Mr. Josef",male,1,0,349237,17.8,,25,S,0
355,3,"Yousif, Mr. Wazli",male,0,0,2647,7.225,,,C,0
356,3,"Vanden Steen, Mr. Leo Peter",male,0,0,345783,9.5,,28,S,0
357,1,"Bowerman, Miss. Elsie Edith",female,0,1,113505,55,E33,22,S,1
358,2,"Funk, Miss. Annie Clemmer",female,0,0,237671,13,,38,S,0
359,3,"McGovern, Miss. Mary",female,0,0,330931,7.8792,,,Q,1
360,3,"Mockler, Miss. Helen Mary ""Ellie""",female,0,0,330980,7.8792,,,Q,1
361,3,"Skoog, Mr. Wilhelm",male,1,4,347088,27.9,,40,S,0
362,2,"del Carlo, Mr. Sebastiano",male,1,0,SC/PARIS 2167,27.7208,,29,C,0
363,3,"Barbara, Mrs. (Catherine David)",female,0,1,2691,14.4542,,45,C,0
364,3,"Asim, Mr. Adola",male,0,0,SOTON/O.Q. 3101310,7.05,,35,S,0
365,3,"O'Brien, Mr. Thomas",male,1,0,370365,15.5,,,Q,0
366,3,"Adahl, Mr. Mauritz Nils Martin",male,0,0,C 7076,7.25,,30,S,0
367,1,"Warren, Mrs. Frank Manley (Anna Sophia Atkinson)",female,1,0,110813,75.25,D37,60,C,1
368,3,"Moussa, Mrs. (Mantoura Boulos)",female,0,0,2626,7.2292,,,C,1
369,3,"Jermyn, Miss. Annie",female,0,0,14313,7.75,,,Q,1
370,1,"Aubart, Mme. Leontine Pauline",female,0,0,PC 17477,69.3,B35,24,C,1
371,1,"Harder, Mr. George Achilles",male,1,0,11765,55.4417,E50,25,C,1
372,3,"Wiklund, Mr. Jakob Alfred",male,1,0,3101267,6.4958,,18,S,0
373,3,"Beavan, Mr. William Thomas",male,0,0,323951,8.05,,19,S,0
374,1,"Ringhini, Mr. Sante",male,0,0,PC 17760,135.6333,,22,C,0
375,3,"Palsson, Miss. Stina Viola",female,3,1,349909,21.075,,3,S,0
376,1,"Meyer, Mrs. Edgar Joseph (Leila Saks)",female,1,0,PC 17604,82.1708,,,C,1
377,3,"Landergren, Miss. Aurora Adelia",female,0,0,C 7077,7.25,,22,S,1
378,1,"Widener, Mr. Harry Elkins",male,0,2,113503,211.5,C82,27,C,0
379,3,"Betros, Mr. Tannous",male,0,0,2648,4.0125,,20,C,0
380,3,"Gustafsson, Mr. Karl Gideon",male,0,0,347069,7.775,,19,S,0
381,1,"Bidois, Miss. Rosalie",female,0,0,PC 17757,227.525,,42,C,1
382,3,"Nakid, Miss. Maria (""Mary"")",female,0,2,2653,15.7417,,1,C,1
383,3,"Tikkanen, Mr. Juho",male,0,0,STON/O 2. 3101293,7.925,,32,S,0
384,1,"Holverson, Mrs. Alexander Oskar (Mary Aline Towner)",female,1,0,113789,52,,35,S,1
385,3,"Plotcharsky, Mr. Vasil",male,0,0,349227,7.8958,,,S,0
386,2,"Davies, Mr. Charles Henry",male,0,0,S.O.C. 14879,73.5,,18,S,0
387,3,"Goodwin, Master. Sidney Leonard",male,5,2,CA 2144,46.9,,1,S,0
388,2,"Buss, Miss. Kate",female,0,0,27849,13,,36,S,1
389,3,"Sadlier, Mr. Matthew",male,0,0,367655,7.7292,,,Q,0
390,2,"Lehmann, Miss. Bertha",female,0,0,SC 1748,12,,17,C,1
391,1,"Carter, Mr. William Ernest",male,1,2,113760,120,B96 B98,36,S,1
392,3,"Jansson, Mr. Carl Olof",male,0,0,350034,7.7958,,21,S,1
393,3,"Gustafsson, Mr. Johan Birger",male,2,0,3101277,7.925,,28,S,0
394,1,"Newell, Miss. Marjorie",female,1,0,35273,113.275,D36,23,C,1
395,3,"Sandstrom, Mrs. Hjalmar (Agnes Charlotta Bengtsson)",female,0,2,PP 9549,16.7,G6,24,S,1
396,3,"Johansson, Mr. Erik",male,0,0,350052,7.7958,,22,S,0
397,3,"Olsson, Miss. Elina",female,0,0,350407,7.8542,,31,S,0
398,2,"McKane, Mr. Peter David",male,0,0,28403,26,,46,S,0
399,2,"Pain, Dr. Alfred",male,0,0,244278,10.5,,23,S,0
400,2,"Trout, Mrs. William H (Jessie L)",female,0,0,240929,12.65,,28,S,1
401,3,"Niskanen, Mr. Juha",male,0,0,STON/O 2. 3101289,7.925,,39,S,1
402,3,"Adams, Mr. John",male,0,0,341826,8.05,,26,S,0
403,3,"Jussila, Miss. Mari Aina",female,1,0,4137,9.825,,21,S,0
404,3,"Hakkarainen, Mr. Pekka Pietari",male,1,0,STON/O2. 3101279,15.85,,28,S,0
405,3,"Oreskovic, Miss. Marija",female,0,0,315096,8.6625,,20,S,0
406,2,"Gale, Mr. Shadrach",male,1,0,28664,21,,34,S,0
407,3,"Widegren, Mr. Carl/Charles Peter",male,0,0,347064,7.75,,51,S,0
408,2,"Richards, Master. William Rowe",male,1,1,29106,18.75,,3,S,1
409,3,"Birkeland, Mr. Hans Martin Monsen",male,0,0,312992,7.775,,21,S,0
410,3,"Lefebre, Miss. Ida",female,3,1,4133,25.4667,,,S,0
411,3,"Sdycoff, Mr. Todor",male,0,0,349222,7.8958,,,S,0
412,3,"Hart, Mr. Henry",male,0,0,394140,6.8583,,,Q,0
413,1,"Minahan, Miss. Daisy E",female,1,0,19928,90,C78,33,Q,1
414,2,"Cunningham, Mr. Alfred Fleming",male,0,0,239853,0,,,S,0
415,3,"Sundman, Mr. Johan Julian",male,0,0,STON/O 2. 3101269,7.925,,44,S,1
416,3,"Meek, Mrs. Thomas (Annie Louise Rowley)",female,0,0,343095,8.05,,,S,0
417,2,"Drew, Mrs. James Vivian (Lulu Thorne Christian)",female,1,1,28220,32.5,,34,S,1
418,2,"Silven, Miss. Lyyli Karoliina",female,0,2,250652,13,,18,S,1
419,2,"Matthews, Mr. William John",male,0,0,28228,13,,30,S,0
420,3,"Van Impe, Miss. Catharina",female,0,2,345773,24.15,,10,S,0
421,3,"Gheorgheff, Mr. Stanio",male,0,0,349254,7.8958,,,C,0
422,3,"Charters, Mr. David",male,0,0,A/5. 13032,7.7333,,21,Q,0
423,3,"Zimmerman, Mr. Leo",male,0,0,315082,7.875,,29,S,0
424,3,"Danbom, Mrs. Ernst Gilbert (Anna Sigrid Maria Brogren)",female,1,1,347080,14.4,,28,S,0
425,3,"Rosblom, Mr. Viktor Richard",male,1,1,370129,20.2125,,18,S,0
426,3,"Wiseman, Mr. Phillippe",male,0,0,A/4. 34244,7.25,,,S,0
427,2,"Clarke, Mrs. Charles V (Ada Maria Winfield)",female,1,0,2003,26,,28,S,1
428,2,"Phillips, Miss. Kate Florence (""Mrs Kate Louise Phillips Marshall"")",female,0,0,250655,26,,19,S,1
429,3,"Flynn, Mr. James",male,0,0,364851,7.75,,,Q,0
430,3,"Pickard, Mr. Berk (Berk Trembisky)",male,0,0,SOTON/O.Q. 392078,8.05,E10,32,S,1
431,1,"Bjornstrom-Steffansson, Mr. Mauritz Hakan",male,0,0,110564,26.55,C52,28,S,1
432,3,"Thorneycroft, Mrs. Percival (Florence Kate White)",female,1,0,376564,16.1,,,S,1
433,2,"Louch, Mrs. Charles Alexander (Alice Adelaide Slow)",female,1,0,SC/AH 3085,26,,42,S,1
434,3,"Kallio, Mr. Nikolai Erland",male,0,0,STON/O 2. 3101274,7.125,,17,S,0
435,1,"Silvey, Mr. William Baird",male,1,0,13507,55.9,E44,50,S,0
436,1,"Carter, Miss. Lucile Polk",female,1,2,113760,120,B96 B98,14,S,1
437,3,"Ford, Miss. Doolina Margaret ""Daisy""",female,2,2,W./C. 6608,34.375,,21,S,0
438,2,"Richards, Mrs. Sidney (Emily Hocking)",female,2,3,29106,18.75,,24,S,1
439,1,"Fortune, Mr. Mark",male,1,4,19950,263,C23 C25 C27,64,S,0
440,2,"Kvillner, Mr. Johan Henrik Johannesson",male,0,0,C.A. 18723,10.5,,31,S,0
441,2,"Hart, Mrs. Benjamin (Esther Ada Bloomfield)",female,1,1,F.C.C. 13529,26.25,,45,S,1
442,3,"Hampe, Mr. Leon",male,0,0,345769,9.5,,20,S,0
443,3,"Petterson, Mr. Johan Emil",male,1,0,347076,7.775,,25,S,0
444,2,"Reynaldo, Ms. Encarnacion",female,0,0,230434,13,,28,S,1
445,3,"Johannesen-Bratthammer, Mr. Bernt",male,0,0,65306,8.1125,,,S,1
446,1,"Dodge, Master. Washington",male,0,2,33638,81.8583,A34,4,S,1
447,2,"Mellinger, Miss. Madeleine Violet",female,0,1,250644,19.5,,13,S,1
448,1,"Seward, Mr. Frederic Kimber",male,0,0,113794,26.55,,34,S,1
449,3,"Baclini, Miss. Marie Catherine",female,2,1,2666,19.2583,,5,C,1
450,1,"Peuchen, Major. Arthur Godfrey",male,0,0,113786,30.5,C104,52,S,1
451,2,"West, Mr. Edwy Arthur",male,1,2,C.A. 34651,27.75,,36,S,0
452,3,"Hagland, Mr. Ingvald Olai Olsen",male,1,0,65303,19.9667,,,S,0
453,1,"Foreman, Mr. Benjamin Laventall",male,0,0,113051,27.75,C111,30,C,0
454,1,"Goldenberg, Mr. Samuel L",male,1,0,17453,89.1042,C92,49,C,1
455,3,"Peduzzi, Mr. Joseph",male,0,0,A/5 2817,8.05,,,S,0
456,3,"Jalsevac, Mr. Ivan",male,0,0,349240,7.8958,,29,C,1
457,1,"Millet, Mr. Francis Davis",male,0,0,13509,26.55,E38,65,S,0
458,1,"Kenyon, Mrs. Frederick R (Marion)",female,1,0,17464,51.8625,D21,,S,1
459,2,"Toomey, Miss. Ellen",female,0,0,F.C.C. 13531,10.5,,50,S,1
460,3,"O'Connor, Mr. Maurice",male,0,0,371060,7.75,,,Q,0
461,1,"Anderson, Mr. Harry",male,0,0,19952,26.55,E12,48,S,1
462,3,"Morley, Mr. William",male,0,0,364506,8.05,,34,S,0
463,1,"Gee, Mr. Arthur H",male,0,0,111320,38.5,E63,47,S,0
464,2,"Milling, Mr. Jacob Christian",male,0,0,234360,13,,48,S,0
465,3,"Maisner, Mr. Simon",male,0,0,A/S 2816,8.05,,,S,0
466,3,"Goncalves, Mr. Manuel Estanslas",male,0,0,SOTON/O.Q. 3101306,7.05,,38,S,0
467,2,"Campbell, Mr. William",male,0,0,239853,0,,,S,0
468,1,"Smart, Mr. John Montgomery",male,0,0,113792,26.55,,56,S,0
469,3,"Scanlan, Mr. James",male,0,0,36209,7.725,,,Q,0
470,3,"Baclini, Miss. Helene Barbara",female,2,1,2666,19.2583,,0.75,C,1
471,3,"Keefe, Mr. Arthur",male,0,0,323592,7.25,,,S,0
472,3,"Cacic, Mr. Luka",male,0,0,315089,8.6625,,38,S,0
473,2,"West, Mrs. Edwy Arthur (Ada Mary Worth)",female,1,2,C.A. 34651,27.75,,33,S,1
474,2,"Jerwan, Mrs. Amin S (Marie Marthe Thuillard)",female,0,0,SC/AH Basle 541,13.7917,D,23,C,1
475,3,"Strandberg, Miss. Ida Sofia",female,0,0,7553,9.8375,,22,S,0
476,1,"Clifford, Mr. George Quincy",male,0,0,110465,52,A14,,S,0
477,2,"Renouf, Mr. Peter Henry",male,1,0,31027,21,,34,S,0
478,3,"Braund, Mr. Lewis Richard",male,1,0,3460,7.0458,,29,S,0
479,3,"Karlsson, Mr. Nils August",male,0,0,350060,7.5208,,22,S,0
480,3,"Hirvonen, Miss. Hildur E",female,0,1,3101298,12.2875,,2,S,1
481,3,"Goodwin, Master. Harold Victor",male,5,2,CA 2144,46.9,,9,S,0
482,2,"Frost, Mr. Anthony Wood ""Archie""",male,0,0,239854,0,,,S,0
483,3,"Rouse, Mr. Richard Henry",male,0,0,A/5 3594,8.05,,50,S,0
484,3,"Turkula, Mrs. (Hedwig)",female,0,0,4134,9.5875,,63,S,1
485,1,"Bishop, Mr. Dickinson H",male,1,0,11967,91.0792,B49,25,C,1
486,3,"Lefebre, Miss. Jeannie",female,3,1,4133,25.4667,,,S,0
487,1,"Hoyt, Mrs. Frederick Maxfield (Jane Anne Forby)",female,1,0,19943,90,C93,35,S,1
488,1,"Kent, Mr. Edward Austin",male,0,0,11771,29.7,B37,58,C,0
489,3,"Somerton, Mr. Francis William",male,0,0,A.5. 18509,8.05,,30,S,0
490,3,"Coutts, Master. Eden Leslie ""Neville""",male,1,1,C.A. 37671,15.9,,9,S,1
491,3,"Hagland, Mr. Konrad Mathias Reiersen",male,1,0,65304,19.9667,,,S,0
492,3,"Windelov, Mr. Einar",male,0,0,SOTON/OQ 3101317,7.25,,21,S,0
493,1,"Molson, Mr. Harry Markland",male,0,0,113787,30.5,C30,55,S,0
494,1,"Artagaveytia, Mr. Ramon",male,0,0,PC 17609,49.5042,,71,C,0
495,3,"Stanley, Mr. Edward Roland",male,0,0,A/4 45380,8.05,,21,S,0
496,3,"Yousseff, Mr. Gerious",male,0,0,2627,14.4583,,,C,0
497,1,"Eustis, Miss. Elizabeth Mussey",female,1,0,36947,78.2667,D20,54,C,1
498,3,"Shellard, Mr. Frederick William",male,0,0,C.A. 6212,15.1,,,S,0
499,1,"Allison, Mrs. Hudson J C (Bessie Waldo Daniels)",female,1,2,113781,151.55,C22 C26,25,S,0
500,3,"Svensson, Mr. Olof",male,0,0,350035,7.7958,,24,S,0
501,3,"Calic, Mr. Petar",male,0,0,315086,8.6625,,17,S,0
502,3,"Canavan, Miss. Mary",female,0,0,364846,7.75,,21,Q,0
503,3,"O'Sullivan, Miss. Bridget Mary",female,0,0,330909,7.6292,,,Q,0
504,3,"Laitinen, Miss. Kristina Sofia",female,0,0,4135,9.5875,,37,S,0
505,1,"Maioni, Miss. Roberta",female,0,0,110152,86.5,B79,16,S,1
506,1,"Penasco y Castellana, Mr. Victor de Satode",male,1,0,PC 17758,108.9,C65,18,C,0
507,2,"Quick, Mrs. Frederick Charles (Jane Richards)",female,0,2,26360,26,,33,S,1
508,1,"Bradley, Mr. George (""George Arthur Brayton"")",male,0,0,111427,26.55,,,S,1
509,3,"Olsen, Mr. Henry Margido",male,0,0,C 4001,22.525,,28,S,0
510,3,"Lang, Mr. Fang",male,0,0,1601,56.4958,,26,S,1
511,3,"Daly, Mr. Eugene Patrick",male,0,0,382651,7.75,,29,Q,1
512,3,"Webber, Mr. James",male,0,0,SOTON/OQ 3101316,8.05,,,S,0
513,1,"McGough, Mr. James Robert",male,0,0,PC 17473,26.2875,E25,36,S,1
514,1,"Rothschild, Mrs. Martin (Elizabeth L. Barrett)",female,1,0,PC 17603,59.4,,54,C,1
515,3,"Coleff, Mr. Satio",male,0,0,349209,7.4958,,24,S,0
516,1,"Walker, Mr. William Anderson",male,0,0,36967,34.0208,D46,47,S,0
517,2,"Lemore, Mrs. (Amelia Milley)",female,0,0,C.A. 34260,10.5,F33,34,S,1
518,3,"Ryan, Mr. Patrick",male,0,0,371110,24.15,,,Q,0
519,2,"Angle, Mrs. William A (Florence ""Mary"" Agnes Hughes)",female,1,0,226875,26,,36,S,1
520,3,"Pavlovic, Mr. Stefo",male,0,0,349242,7.8958,,32,S,0
521,1,"Perreault, Miss. Anne",female,0,0,12749,93.5,B73,30,S,1
522,3,"Vovk, Mr. Janko",male,0,0,349252,7.8958,,22,S,0
523,3,"Lahoud, Mr. Sarkis",male,0,0,2624,7.225,,,C,0
524,1,"Hippach, Mrs. Louis Albert (Ida Sophia Fischer)",female,0,1,111361,57.9792,B18,44,C,1
525,3,"Kassem, Mr. Fared",male,0,0,2700,7.2292,,,C,0
526,3,"Farrell, Mr. James",male,0,0,367232,7.75,,40.5,Q,0
527,2,"Ridsdale, Miss. Lucy",female,0,0,W./C. 14258,10.5,,50,S,1
528,1,"Farthing, Mr. John",male,0,0,PC 17483,221.7792,C95,,S,0
529,3,"Salonen, Mr. Johan Werner",male,0,0,3101296,7.925,,39,S,0
530,2,"Hocking, Mr. Richard George",male,2,1,29104,11.5,,23,S,0
531,2,"Quick, Miss. Phyllis May",female,1,1,26360,26,,2,S,1
532,3,"Toufik, Mr. Nakli",male,0,0,2641,7.2292,,,C,0
533,3,"Elias, Mr. Joseph Jr",male,1,1,2690,7.2292,,17,C,0
534,3,"Peter, Mrs. Catherine (Catherine Rizk)",female,0,2,2668,22.3583,,,C,1
535,3,"Cacic, Miss. Marija",female,0,0,315084,8.6625,,30,S,0
536,2,"Hart, Miss. Eva Miriam",female,0,2,F.C.C. 13529,26.25,,7,S,1
537,1,"Butt, Major. Archibald Willingham",male,0,0,113050,26.55,B38,45,S,0
538,1,"LeRoy, Miss. Bertha",female,0,0,PC 17761,106.425,,30,C,1
539,3,"Risien, Mr. Samuel Beard",male,0,0,364498,14.5,,,S,0
540,1,"Frolicher, Miss. Hedwig Margaritha",female,0,2,13568,49.5,B39,22,C,1
541,1,"Crosby, Miss. Harriet R",female,0,2,WE/P 5735,71,B22,36,S,1
542,3,"Andersson, Miss. Ingeborg Constanzia",female,4,2,347082,31.275,,9,S,0
543,3,"Andersson, Miss. Sigrid Elisabeth",female,4,2,347082,31.275,,11,S,0
544,2,"Beane, Mr. Edward",male,1,0,2908,26,,32,S,1
545,1,"Douglas, Mr. Walter Donald",male,1,0,PC 17761,106.425,C86,50,C,0
546,1,"Nicholson, Mr. Arthur Ernest",male,0,0,693,26,,64,S,0
547,2,"Beane, Mrs. Edward (Ethel Clarke)",female,1,0,2908,26,,19,S,1
548,2,"Padro y Manent, Mr. Julian",male,0,0,SC/PARIS 2146,13.8625,,,C,1
549,3,"Goldsmith, Mr. Frank John",male,1,1,363291,20.525,,33,S,0
550,2,"Davies, Master. John Morgan Jr",male,1,1,C.A. 33112,36.75,,8,S,1
551,1,"Thayer, Mr. John Borland Jr",male,0,2,17421,110.8833,C70,17,C,1
552,2,"Sharp, Mr. Percival James R",male,0,0,244358,26,,27,S,0
553,3,"O'Brien, Mr. Timothy",male,0,0,330979,7.8292,,,Q,0
554,3,"Leeni, Mr. Fahim (""Philip Zenni"")",male,0,0,2620,7.225,,22,C,1
555,3,"Ohman, Miss. Velin",female,0,0,347085,7.775,,22,S,1
556,1,"Wright, Mr. George",male,0,0,113807,26.55,,62,S,0
557,1,"Duff Gordon, Lady. (Lucille Christiana Sutherland) (""Mrs Morgan"")",female,1,0,11755,39.6,A16,48,C,1
558,1,"Robbins, Mr. Victor",male,0,0,PC 17757,227.525,,,C,0
559,1,"Taussig, Mrs. Emil (Tillie Mandelbaum)",female,1,1,110413,79.65,E67,39,S,1
560,3,"de Messemaeker, Mrs. Guillaume Joseph (Emma)",female,1,0,345572,17.4,,36,S,1
561,3,"Morrow, Mr. Thomas Rowan",male,0,0,372622,7.75,,,Q,0
562,3,"Sivic, Mr. Husein",male,0,0,349251,7.8958,,40,S,0
563,2,"Norman, Mr. Robert Douglas",male,0,0,218629,13.5,,28,S,0
564,3,"Simmons, Mr. John",male,0,0,SOTON/OQ 392082,8.05,,,S,0
565,3,"Meanwell, Miss. (Marion Ogden)",female,0,0,SOTON/O.Q. 392087,8.05,,,S,0
566,3,"Davies, Mr. Alfred J",male,2,0,A/4 48871,24.15,,24,S,0
567,3,"Stoytcheff, Mr. Ilia",male,0,0,349205,7.8958,,19,S,0
568,3,"Palsson, Mrs. Nils (Alma Cornelia Berglund)",female,0,4,349909,21.075,,29,S,0
569,3,"Doharr, Mr. Tannous",male,0,0,2686,7.2292,,,C,0
570,3,"Jonsson, Mr. Carl",male,0,0,350417,7.8542,,32,S,1
571,2,"Harris, Mr. George",male,0,0,S.W./PP 752,10.5,,62,S,1
572,1,"Appleton, Mrs. Edward Dale (Charlotte Lamson)",female,2,0,11769,51.4792,C101,53,S,1
573,1,"Flynn, Mr. John Irwin (""Irving"")",male,0,0,PC 17474,26.3875,E25,36,S,1
574,3,"Kelly, Miss. Mary",female,0,0,14312,7.75,,,Q,1
575,3,"Rush, Mr. Alfred George John",male,0,0,A/4. 20589,8.05,,16,S,0
576,3,"Patchett, Mr. George",male,0,0,358585,14.5,,19,S,0
577,2,"Garside, Miss. Ethel",female,0,0,243880,13,,34,S,1
578,1,"Silvey, Mrs. William Baird (Alice Munger)",female,1,0,13507,55.9,E44,39,S,1
579,3,"Caram, Mrs. Joseph (Maria Elias)",female,1,0,2689,14.4583,,,C,0
580,3,"Jussila, Mr. Eiriik",male,0,0,STON/O 2. 3101286,7.925,,32,S,1
581,2,"Christy, Miss. Julie Rachel",female,1,1,237789,30,,25,S,1
582,1,"Thayer, Mrs. John Borland (Marian Longstreth Morris)",female,1,1,17421,110.8833,C68,39,C,1
583,2,"Downton, Mr. William James",male,0,0,28403,26,,54,S,0
584,1,"Ross, Mr. John Hugo",male,0,0,13049,40.125,A10,36,C,0
585,3,"Paulner, Mr. Uscher",male,0,0,3411,8.7125,,,C,0
586,1,"Taussig, Miss. Ruth",female,0,2,110413,79.65,E68,18,S,1
587,2,"Jarvis, Mr. John Denzil",male,0,0,237565,15,,47,S,0
588,1,"Frolicher-Stehli, Mr. Maxmillian",male,1,1,13567,79.2,B41,60,C,1
589,3,"Gilinski, Mr. Eliezer",male,0,0,14973,8.05,,22,S,0
590,3,"Murdlin, Mr. Joseph",male,0,0,A./5. 3235,8.05,,,S,0
591,3,"Rintamaki, Mr. Matti",male,0,0,STON/O 2. 3101273,7.125,,35,S,0
592,1,"Stephenson, Mrs. Walter Bertram (Martha Eustis)",female,1,0,36947,78.2667,D20,52,C,1
593,3,"Elsbury, Mr. William James",male,0,0,A/5 3902,7.25,,47,S,0
594,3,"Bourke, Miss. Mary",female,0,2,364848,7.75,,,Q,0
595,2,"Chapman, Mr. John Henry",male,1,0,SC/AH 29037,26,,37,S,0
596,3,"Van Impe, Mr. Jean Baptiste",male,1,1,345773,24.15,,36,S,0
597,2,"Leitch, Miss. Jessie Wills",female,0,0,248727,33,,,S,1
598,3,"Johnson, Mr. Alfred",male,0,0,LINE,0,,49,S,0
599,3,"Boulos, Mr. Hanna",male,0,0,2664,7.225,,,C,0
600,1,"Duff Gordon, Sir. Cosmo Edmund (""Mr Morgan"")",male,1,0,PC 17485,56.9292,A20,49,C,1
601,2,"Jacobsohn, Mrs. Sidney Samuel (Amy Frances Christy)",female,2,1,243847,27,,24,S,1
602,3,"Slabenoff, Mr. Petco",male,0,0,349214,7.8958,,,S,0
603,1,"Harrington, Mr. Charles H",male,0,0,113796,42.4,,,S,0
604,3,"Torber, Mr. Ernst William",male,0,0,364511,8.05,,44,S,0
605,1,"Homer, Mr. Harry (""Mr E Haven"")",male,0,0,111426,26.55,,35,C,1
606,3,"Lindell, Mr. Edvard Bengtsson",male,1,0,349910,15.55,,36,S,0
607,3,"Karaic, Mr. Milan",male,0,0,349246,7.8958,,30,S,0
608,1,"Daniel, Mr. Robert Williams",male,0,0,113804,30.5,,27,S,1
609,2,"Laroche, Mrs. Joseph (Juliette Marie Louise Lafargue)",female,1,2,SC/Paris 2123,41.5792,,22,C,1
610,1,"Shutes, Miss. Elizabeth W",female,0,0,PC 17582,153.4625,C125,40,S,1
611,3,"Andersson, Mrs. Anders Johan (Alfrida Konstantia Brogren)",female,1,5,347082,31.275,,39,S,0
612,3,"Jardin, Mr. Jose Neto",male,0,0,SOTON/O.Q. 3101305,7.05,,,S,0
613,3,"Murphy, Miss. Margaret Jane",female,1,0,367230,15.5,,,Q,1
614,3,"Horgan, Mr. John",male,0,0,370377,7.75,,,Q,0
615,3,"Brocklebank, Mr. William Alfred",male,0,0,364512,8.05,,35,S,0
616,2,"Herman, Miss. Alice",female,1,2,220845,65,,24,S,1
617,3,"Danbom, Mr. Ernst Gilbert",male,1,1,347080,14.4,,34,S,0
618,3,"Lobb, Mrs. William Arthur (Cordelia K Stanlick)",female,1,0,A/5. 3336,16.1,,26,S,0
619,2,"Becker, Miss. Marion Louise",female,2,1,230136,39,F4,4,S,1
620,2,"Gavey, Mr. Lawrence",male,0,0,31028,10.5,,26,S,0
621,3,"Yasbeck, Mr. Antoni",male,1,0,2659,14.4542,,27,C,0
622,1,"Kimball, Mr. Edwin Nelson Jr",male,1,0,11753,52.5542,D19,42,S,1
623,3,"Nakid, Mr. Sahid",male,1,1,2653,15.7417,,20,C,1
624,3,"Hansen, Mr. Henry Damsgaard",male,0,0,350029,7.8542,,21,S,0
625,3,"Bowen, Mr. David John ""Dai""",male,0,0,54636,16.1,,21,S,0
626,1,"Sutton, Mr. Frederick",male,0,0,36963,32.3208,D50,61,S,0
627,2,"Kirkland, Rev. Charles Leonard",male,0,0,219533,12.35,,57,Q,0
628,1,"Longley, Miss. Gretchen Fiske",female,0,0,13502,77.9583,D9,21,S,1
629,3,"Bostandyeff, Mr. Guentcho",male,0,0,349224,7.8958,,26,S,0
630,3,"O'Connell, Mr. Patrick D",male,0,0,334912,7.7333,,,Q,0
631,1,"Barkworth, Mr. Algernon Henry Wilson",male,0,0,27042,30,A23,80,S,1
632,3,"Lundahl, Mr. Johan Svensson",male,0,0,347743,7.0542,,51,S,0
633,1,"Stahelin-Maeglin, Dr. Max",male,0,0,13214,30.5,B50,32,C,1
634,1,"Parr, Mr. William Henry Marsh",male,0,0,112052,0,,,S,0
635,3,"Skoog, Miss. Mabel",female,3,2,347088,27.9,,9,S,0
636,2,"Davis, Miss. Mary",female,0,0,237668,13,,28,S,1
637,3,"Leinonen, Mr. Antti Gustaf",male,0,0,STON/O 2. 3101292,7.925,,32,S,0
638,2,"Collyer, Mr. Harvey",male,1,1,C.A. 31921,26.25,,31,S,0
639,3,"Panula, Mrs. Juha (Maria Emilia Ojala)",female,0,5,3101295,39.6875,,41,S,0
640,3,"Thorneycroft, Mr. Percival",male,1,0,376564,16.1,,,S,0
641,3,"Jensen, Mr. Hans Peder",male,0,0,350050,7.8542,,20,S,0
642,1,"Sagesser, Mlle. Emma",female,0,0,PC 17477,69.3,B35,24,C,1
643,3,"Skoog, Miss. Margit Elizabeth",female,3,2,347088,27.9,,2,S,0
644,3,"Foo, Mr. Choong",male,0,0,1601,56.4958,,,S,1
645,3,"Baclini, Miss. Eugenie",female,2,1,2666,19.2583,,0.75,C,1
646,1,"Harper, Mr. Henry Sleeper",male,1,0,PC 17572,76.7292,D33,48,C,1
647,3,"Cor, Mr. Liudevit",male,0,0,349231,7.8958,,19,S,0
648,1,"Simonius-Blumer, Col. Oberst Alfons",male,0,0,13213,35.5,A26,56,C,1
649,3,"Willey, Mr. Edward",male,0,0,S.O./P.P. 751,7.55,,,S,0
650,3,"Stanley, Miss. Amy Zillah Elsie",female,0,0,CA. 2314,7.55,,23,S,1
651,3,"Mitkoff, Mr. Mito",male,0,0,349221,7.8958,,,S,0
652,2,"Doling, Miss. Elsie",female,0,1,231919,23,,18,S,1
653,3,"Kalvik, Mr. Johannes Halvorsen",male,0,0,8475,8.4333,,21,S,0
654,3,"O'Leary, Miss. Hanora ""Norah""",female,0,0,330919,7.8292,,,Q,1
655,3,"Hegarty, Miss. Hanora ""Nora""",female,0,0,365226,6.75,,18,Q,0
656,2,"Hickman, Mr. Leonard Mark",male,2,0,S.O.C. 14879,73.5,,24,S,0
657,3,"Radeff, Mr. Alexander",male,0,0,349223,7.8958,,,S,0
658,3,"Bourke, Mrs. John (Catherine)",female,1,1,364849,15.5,,32,Q,0
659,2,"Eitemiller, Mr. George Floyd",male,0,0,29751,13,,23,S,0
660,1,"Newell, Mr. Arthur Webster",male,0,2,35273,113.275,D48,58,C,0
661,1,"Frauenthal, Dr. Henry William",male,2,0,PC 17611,133.65,,50,S,1
662,3,"Badt, Mr. Mohamed",male,0,0,2623,7.225,,40,C,0
663,1,"Colley, Mr. Edward Pomeroy",male,0,0,5727,25.5875,E58,47,S,0
664,3,"Coleff, Mr. Peju",male,0,0,349210,7.4958,,36,S,0
665,3,"Lindqvist, Mr. Eino William",male,1,0,STON/O 2. 3101285,7.925,,20,S,1
666,2,"Hickman, Mr. Lewis",male,2,0,S.O.C. 14879,73.5,,32,S,0
667,2,"Butler, Mr. Reginald Fenton",male,0,0,234686,13,,25,S,0
668,3,"Rommetvedt, Mr. Knud Paust",male,0,0,312993,7.775,,,S,0
669,3,"Cook, Mr. Jacob",male,0,0,A/5 3536,8.05,,43,S,0
670,1,"Taylor, Mrs. Elmer Zebley (Juliet Cummins Wright)",female,1,0,19996,52,C126,,S,1
671,2,"Brown, Mrs. Thomas William Solomon (Elizabeth Catherine Ford)",female,1,1,29750,39,,40,S,1
672,1,"Davidson, Mr. Thornton",male,1,0,F.C. 12750,52,B71,31,S,0
673,2,"Mitchell, Mr. Henry Michael",male,0,0,C.A. 24580,10.5,,70,S,0
674,2,"Wilhelms, Mr. Charles",male,0,0,244270,13,,31,S,1
675,2,"Watson, Mr. Ennis Hastings",male,0,0,239856,0,,,S,0
676,3,"Edvardsson, Mr. Gustaf Hjalmar",male,0,0,349912,7.775,,18,S,0
677,3,"Sawyer, Mr. Frederick Charles",male,0,0,342826,8.05,,24.5,S,0
678,3,"Turja, Miss. Anna Sofia",female,0,0,4138,9.8417,,18,S,1
679,3,"Goodwin, Mrs. Frederick (Augusta Tyler)",female,1,6,CA 2144,46.9,,43,S,0
680,1,"Cardeza, Mr. Thomas Drake Martinez",male,0,1,PC 17755,512.3292,B51 B53 B55,36,C,1
681,3,"Peters, Miss. Katie",female,0,0,330935,8.1375,,,Q,0
682,1,"Hassab, Mr. Hammad",male,0,0,PC 17572,76.7292,D49,27,C,1
683,3,"Olsvigen, Mr. Thor Anderson",male,0,0,6563,9.225,,20,S,0
684,3,"Goodwin, Mr. Charles Edward",male,5,2,CA 2144,46.9,,14,S,0
685,2,"Brown, Mr. Thomas William Solomon",male,1,1,29750,39,,60,S,0
686,2,"Laroche, Mr. Joseph Philippe Lemercier",male,1,2,SC/Paris 2123,41.5792,,25,C,0
687,3,"Panula, Mr. Jaako Arnold",male,4,1,3101295,39.6875,,14,S,0
688,3,"Dakic, Mr. Branko",male,0,0,349228,10.1708,,19,S,0
689,3,"Fischer, Mr. Eberhard Thelander",male,0,0,350036,7.7958,,18,S,0
690,1,"Madill, Miss. Georgette Alexandra",female,0,1,24160,211.3375,B5,15,S,1
691,1,"Dick, Mr. Albert Adrian",male,1,0,17474,57,B20,31,S,1
692,3,"Karun, Miss. Manca",female,0,1,349256,13.4167,,4,C,1
693,3,"Lam, Mr. Ali",male,0,0,1601,56.4958,,,S,1
694,3,"Saad, Mr. Khalil",male,0,0,2672,7.225,,25,C,0
695,1,"Weir, Col. John",male,0,0,113800,26.55,,60,S,0
696,2,"Chapman, Mr. Charles Henry",male,0,0,248731,13.5,,52,S,0
697,3,"Kelly, Mr. James",male,0,0,363592,8.05,,44,S,0
698,3,"Mullens, Miss. Katherine ""Katie""",female,0,0,35852,7.7333,,,Q,1
699,1,"Thayer, Mr. John Borland",male,1,1,17421,110.8833,C68,49,C,0
700,3,"Humblen, Mr. Adolf Mathias Nicolai Olsen",male,0,0,348121,7.65,F G63,42,S,0
701,1,"Astor, Mrs. John Jacob (Madeleine Talmadge Force)",female,1,0,PC 17757,227.525,C62 C64,18,C,1
702,1,"Silverthorne, Mr. Spencer Victor",male,0,0,PC 17475,26.2875,E24,35,S,1
703,3,"Barbara, Miss. Saiide",female,0,1,2691,14.4542,,18,C,0
704,3,"Gallagher, Mr. Martin",male,0,0,36864,7.7417,,25,Q,0
705,3,"Hansen, Mr. Henrik Juul",male,1,0,350025,7.8542,,26,S,0
706,2,"Morley, Mr. Henry Samuel (""Mr Henry Marshall"")",male,0,0,250655,26,,39,S,0
707,2,"Kelly, Mrs. Florence ""Fannie""",female,0,0,223596,13.5,,45,S,1
708,1,"Calderhead, Mr. Edward Pennington",male,0,0,PC 17476,26.2875,E24,42,S,1
709,1,"Cleaver, Miss. Alice",female,0,0,113781,151.55,,22,S,1
710,3,"Moubarek, Master. Halim Gonios (""William George"")",male,1,1,2661,15.2458,,,C,1
711,1,"Mayne, Mlle. Berthe Antonine (""Mrs de Villiers"")",female,0,0,PC 17482,49.5042,C90,24,C,1
712,1,"Klaber, Mr. Herman",male,0,0,113028,26.55,C124,,S,0
713,1,"Taylor, Mr. Elmer Zebley",male,1,0,19996,52,C126,48,S,1
714,3,"Larsson, Mr. August Viktor",male,0,0,7545,9.4833,,29,S,0
715,2,"Greenberg, Mr. Samuel",male,0,0,250647,13,,52,S,0
716,3,"Soholt, Mr. Peter Andreas Lauritz Andersen",male,0,0,348124,7.65,F G73,19,S,0
717,1,"Endres, Miss. Caroline Louise",female,0,0,PC 17757,227.525,C45,38,C,1
718,2,"Troutt, Miss. Edwina Celia ""Winnie""",female,0,0,34218,10.5,E101,27,S,1
719,3,"McEvoy, Mr. Michael",male,0,0,36568,15.5,,,Q,0
720,3,"Johnson, Mr. Malkolm Joackim",male,0,0,347062,7.775,,33,S,0
721,2,"Harper, Miss. Annie Jessie ""Nina""",female,0,1,248727,33,,6,S,1
722,3,"Jensen, Mr. Svend Lauritz",male,1,0,350048,7.0542,,17,S,0
723,2,"Gillespie, Mr. William Henry",male,0,0,12233,13,,34,S,0
724,2,"Hodges, Mr. Henry Price",male,0,0,250643,13,,50,S,0
725,1,"Chambers, Mr. Norman Campbell",male,1,0,113806,53.1,E8,27,S,1
726,3,"Oreskovic, Mr. Luka",male,0,0,315094,8.6625,,20,S,0
727,2,"Renouf, Mrs. Peter Henry (Lillian Jefferys)",female,3,0,31027,21,,30,S,1
728,3,"Mannion, Miss. Margareth",female,0,0,36866,7.7375,,,Q,1
729,2,"Bryhl, Mr. Kurt Arnold Gottfrid",male,1,0,236853,26,,25,S,0
730,3,"Ilmakangas, Miss. Pieta Sofia",female,1,0,STON/O2. 3101271,7.925,,25,S,0
731,1,"Allen, Miss. Elisabeth Walton",female,0,0,24160,211.3375,B5,29,S,1
732,3,"Hassan, Mr. Houssein G N",male,0,0,2699,18.7875,,11,C,0
733,2,"Knight, Mr. Robert J",male,0,0,239855,0,,,S,0
734,2,"Berriman, Mr. William John",male,0,0,28425,13,,23,S,0
735,2,"Troupiansky, Mr. Moses Aaron",male,0,0,233639,13,,23,S,0
736,3,"Williams, Mr. Leslie",male,0,0,54636,16.1,,28.5,S,0
737,3,"Ford, Mrs. Edward (Margaret Ann Watson)",female,1,3,W./C. 6608,34.375,,48,S,0
738,1,"Lesurer, Mr. Gustave J",male,0,0,PC 17755,512.3292,B101,35,C,1
739,3,"Ivanoff, Mr. Kanio",male,0,0,349201,7.8958,,,S,0
740,3,"Nankoff, Mr. Minko",male,0,0,349218,7.8958,,,S,0
741,1,"Hawksford, Mr. Walter James",male,0,0,16988,30,D45,,S,1
742,1,"Cavendish, Mr. Tyrell William",male,1,0,19877,78.85,C46,36,S,0
743,1,"Ryerson, Miss. Susan Parker ""Suzette""",female,2,2,PC 17608,262.375,B57 B59 B63 B66,21,C,1
744,3,"McNamee, Mr. Neal",male,1,0,376566,16.1,,24,S,0
745,3,"Stranden, Mr. Juho",male,0,0,STON/O 2. 3101288,7.925,,31,S,1
746,1,"Crosby, Capt. Edward Gifford",male,1,1,WE/P 5735,71,B22,70,S,0
747,3,"Abbott, Mr. Rossmore Edward",male,1,1,C.A. 2673,20.25,,16,S,0
748,2,"Sinkkonen, Miss. Anna",female,0,0,250648,13,,30,S,1
749,1,"Marvin, Mr. Daniel Warner",male,1,0,113773,53.1,D30,19,S,0
750,3,"Connaghton, Mr. Michael",male,0,0,335097,7.75,,31,Q,0
751,2,"Wells, Miss. Joan",female,1,1,29103,23,,4,S,1
752,3,"Moor, Master. Meier",male,0,1,392096,12.475,E121,6,S,1
753,3,"Vande Velde, Mr. Johannes Joseph",male,0,0,345780,9.5,,33,S,0
754,3,"Jonkoff, Mr. Lalio",male,0,0,349204,7.8958,,23,S,0
755,2,"Herman, Mrs. Samuel (Jane Laver)",female,1,2,220845,65,,48,S,1
756,2,"Hamalainen, Master. Viljo",male,1,1,250649,14.5,,0.67,S,1
757,3,"Carlsson, Mr. August Sigfrid",male,0,0,350042,7.7958,,28,S,0
758,2,"Bailey, Mr. Percy Andrew",male,0,0,29108,11.5,,18,S,0
759,3,"Theobald, Mr. Thomas Leonard",male,0,0,363294,8.05,,34,S,0
760,1,"Rothes, the Countess. of (Lucy Noel Martha Dyer-Edwards)",female,0,0,110152,86.5,B77,33,S,1
761,3,"Garfirth, Mr. John",male,0,0,358585,14.5,,,S,0
762,3,"Nirva, Mr. Iisakki Antino Aijo",male,0,0,SOTON/O2 3101272,7.125,,41,S,0
763,3,"Barah, Mr. Hanna Assi",male,0,0,2663,7.2292,,20,C,1
764,1,"Carter, Mrs. William Ernest (Lucile Polk)",female,1,2,113760,120,B96 B98,36,S,1
765,3,"Eklund, Mr. Hans Linus",male,0,0,347074,7.775,,16,S,0
766,1,"Hogeboom, Mrs. John C (Anna Andrews)",female,1,0,13502,77.9583,D11,51,S,1
767,1,"Brewe, Dr. Arthur Jackson",male,0,0,112379,39.6,,,C,0
768,3,"Mangan, Miss. Mary",female,0,0,364850,7.75,,30.5,Q,0
769,3,"Moran, Mr. Daniel J",male,1,0,371110,24.15,,,Q,0
770,3,"Gronnestad, Mr. Daniel Danielsen",male,0,0,8471,8.3625,,32,S,0
771,3,"Lievens, Mr. Rene Aime",male,0,0,345781,9.5,,24,S,0
772,3,"Jensen, Mr. Niels Peder",male,0,0,350047,7.8542,,48,S,0
773,2,"Mack, Mrs. (Mary)",female,0,0,S.O./P.P. 3,10.5,E77,57,S,0
774,3,"Elias, Mr. Dibo",male,0,0,2674,7.225,,,C,0
775,2,"Hocking, Mrs. Elizabeth (Eliza Needs)",female,1,3,29105,23,,54,S,1
776,3,"Myhrman, Mr. Pehr Fabian Oliver Malkolm",male,0,0,347078,7.75,,18,S,0
777,3,"Tobin, Mr. Roger",male,0,0,383121,7.75,F38,,Q,0
778,3,"Emanuel, Miss. Virginia Ethel",female,0,0,364516,12.475,,5,S,1
779,3,"Kilgannon, Mr. Thomas J",male,0,0,36865,7.7375,,,Q,0
780,1,"Robert, Mrs. Edward Scott (Elisabeth Walton McMillan)",female,0,1,24160,211.3375,B3,43,S,1
781,3,"Ayoub, Miss. Banoura",female,0,0,2687,7.2292,,13,C,1
782,1,"Dick, Mrs. Albert Adrian (Vera Gillespie)",female,1,0,17474,57,B20,17,S,1
783,1,"Long, Mr. Milton Clyde",male,0,0,113501,30,D6,29,S,0
784,3,"Johnston, Mr. Andrew G",male,1,2,W./C. 6607,23.45,,,S,0
785,3,"Ali, Mr. William",male,0,0,SOTON/O.Q. 3101312,7.05,,25,S,0
786,3,"Harmer, Mr. Abraham (David Lishin)",male,0,0,374887,7.25,,25,S,0
787,3,"Sjoblom, Miss. Anna Sofia",female,0,0,3101265,7.4958,,18,S,1
788,3,"Rice, Master. George Hugh",male,4,1,382652,29.125,,8,Q,0
789,3,"Dean, Master. Bertram Vere",male,1,2,C.A. 2315,20.575,,1,S,1
790,1,"Guggenheim, Mr. Benjamin",male,0,0,PC 17593,79.2,B82 B84,46,C,0
791,3,"Keane, Mr. Andrew ""Andy""",male,0,0,12460,7.75,,,Q,0
792,2,"Gaskell, Mr. Alfred",male,0,0,239865,26,,16,S,0
793,3,"Sage, Miss. Stella Anna",female,8,2,CA. 2343,69.55,,,S,0
794,1,"Hoyt, Mr. William Fisher",male,0,0,PC 17600,30.6958,,,C,0
795,3,"Dantcheff, Mr. Ristiu",male,0,0,349203,7.8958,,25,S,0
796,2,"Otter, Mr. Richard",male,0,0,28213,13,,39,S,0
797,1,"Leader, Dr. Alice (Farnham)",female,0,0,17465,25.9292,D17,49,S,1
798,3,"Osman, Mrs. Mara",female,0,0,349244,8.6833,,31,S,1
799,3,"Ibrahim Shawah, Mr. Yousseff",male,0,0,2685,7.2292,,30,C,0
800,3,"Van Impe, Mrs. Jean Baptiste (Rosalie Paula Govaert)",female,1,1,345773,24.15,,30,S,0
801,2,"Ponesell, Mr. Martin",male,0,0,250647,13,,34,S,0
802,2,"Collyer, Mrs. Harvey (Charlotte Annie Tate)",female,1,1,C.A. 31921,26.25,,31,S,1
803,1,"Carter, Master. William Thornton II",male,1,2,113760,120,B96 B98,11,S,1
804,3,"Thomas, Master. Assad Alexander",male,0,1,2625,8.5167,,0.42,C,1
805,3,"Hedman, Mr. Oskar Arvid",male,0,0,347089,6.975,,27,S,1
806,3,"Johansson, Mr. Karl Johan",male,0,0,347063,7.775,,31,S,0
807,1,"Andrews, Mr. Thomas Jr",male,0,0,112050,0,A36,39,S,0
808,3,"Pettersson, Miss. Ellen Natalia",female,0,0,347087,7.775,,18,S,0
809,2,"Meyer, Mr. August",male,0,0,248723,13,,39,S,0
810,1,"Chambers, Mrs. Norman Campbell (Bertha Griggs)",female,1,0,113806,53.1,E8,33,S,1
811,3,"Alexander, Mr. William",male,0,0,3474,7.8875,,26,S,0
812,3,"Lester, Mr. James",male,0,0,A/4 48871,24.15,,39,S,0
813,2,"Slemen, Mr. Richard James",male,0,0,28206,10.5,,35,S,0
814,3,"Andersson, Miss. Ebba Iris Alfrida",female,4,2,347082,31.275,,6,S,0
815,3,"Tomlin, Mr. Ernest Portage",male,0,0,364499,8.05,,30.5,S,0
816,1,"Fry, Mr. Richard",male,0,0,112058,0,B102,,S,0
817,3,"Heininen, Miss. Wendla Maria",female,0,0,STON/O2. 3101290,7.925,,23,S,0
818,2,"Mallet, Mr. Albert",male,1,1,S.C./PARIS 2079,37.0042,,31,C,0
819,3,"Holm, Mr. John Fredrik Alexander",male,0,0,C 7075,6.45,,43,S,0
820,3,"Skoog, Master. Karl Thorsten",male,3,2,347088,27.9,,10,S,0
821,1,"Hays, Mrs. Charles Melville (Clara Jennings Gregg)",female,1,1,12749,93.5,B69,52,S,1
822,3,"Lulic, Mr. Nikola",male,0,0,315098,8.6625,,27,S,1
823,1,"Reuchlin, Jonkheer. John George",male,0,0,19972,0,,38,S,0
824,3,"Moor, Mrs. (Beila)",female,0,1,392096,12.475,E121,27,S,1
825,3,"Panula, Master. Urho Abraham",male,4,1,3101295,39.6875,,2,S,0
826,3,"Flynn, Mr. John",male,0,0,368323,6.95,,,Q,0
827,3,"Lam, Mr. Len",male,0,0,1601,56.4958,,,S,0
828,2,"Mallet, Master. Andre",male,0,2,S.C./PARIS 2079,37.0042,,1,C,1
829,3,"McCormack, Mr. Thomas Joseph",male,0,0,367228,7.75,,,Q,1
830,1,"Stone, Mrs. George Nelson (Martha Evelyn)",female,0,0,113572,80,B28,62,,1
831,3,"Yasbeck, Mrs. Antoni (Selini Alexander)",female,1,0,2659,14.4542,,15,C,1
832,2,"Richards, Master. George Sibley",male,1,1,29106,18.75,,0.83,S,1
833,3,"Saad, Mr. Amin",male,0,0,2671,7.2292,,,C,0
834,3,"Augustsson, Mr. Albert",male,0,0,347468,7.8542,,23,S,0
835,3,"Allum, Mr. Owen George",male,0,0,2223,8.3,,18,S,0
836,1,"Compton, Miss. Sara Rebecca",female,1,1,PC 17756,83.1583,E49,39,C,1
837,3,"Pasic, Mr. Jakob",male,0,0,315097,8.6625,,21,S,0
838,3,"Sirota, Mr. Maurice",male,0,0,392092,8.05,,,S,0
839,3,"Chip, Mr. Chang",male,0,0,1601,56.4958,,32,S,1
840,1,"Marechal, Mr. Pierre",male,0,0,11774,29.7,C47,,C,1
841,3,"Alhomaki, Mr. Ilmari Rudolf",male,0,0,SOTON/O2 3101287,7.925,,20,S,0
842,2,"Mudd, Mr. Thomas Charles",male,0,0,S.O./P.P. 3,10.5,,16,S,0
843,1,"Serepeca, Miss. Augusta",female,0,0,113798,31,,30,C,1
844,3,"Lemberopolous, Mr. Peter L",male,0,0,2683,6.4375,,34.5,C,0
845,3,"Culumovic, Mr. Jeso",male,0,0,315090,8.6625,,17,S,0
846,3,"Abbing, Mr. Anthony",male,0,0,C.A. 5547,7.55,,42,S,0
847,3,"Sage, Mr. Douglas Bullen",male,8,2,CA. 2343,69.55,,,S,0
848,3,"Markoff, Mr. Marin",male,0,0,349213,7.8958,,35,C,0
849,2,"Harper, Rev. John",male,0,1,248727,33,,28,S,0
850,1,"Goldenberg, Mrs. Samuel L (Edwiga Grabowska)",female,1,0,17453,89.1042,C92,,C,1
851,3,"Andersson, Master. Sigvard Harald Elias",male,4,2,347082,31.275,,4,S,0
852,3,"Svensson, Mr. Johan",male,0,0,347060,7.775,,74,S,0
853,3,"Boulos, Miss. Nourelain",female,1,1,2678,15.2458,,9,C,0
854,1,"Lines, Miss. Mary Conover",female,0,1,PC 17592,39.4,D28,16,S,1
855,2,"Carter, Mrs. Ernest Courtenay (Lilian Hughes)",female,1,0,244252,26,,44,S,0
856,3,"Aks, Mrs. Sam (Leah Rosen)",female,0,1,392091,9.35,,18,S,1
857,1,"Wick, Mrs. George Dennick (Mary Hitchcock)",female,1,1,36928,164.8667,,45,S,1
858,1,"Daly, Mr. Peter Denis ",male,0,0,113055,26.55,E17,51,S,1
859,3,"Baclini, Mrs. Solomon (Latifa Qurban)",female,0,3,2666,19.2583,,24,C,1
860,3,"Razi, Mr. Raihed",male,0,0,2629,7.2292,,,C,0
861,3,"Hansen, Mr. Claus Peter",male,2,0,350026,14.1083,,41,S,0
862,2,"Giles, Mr. Frederick Edward",male,1,0,28134,11.5,,21,S,0
863,1,"Swift, Mrs. Frederick Joel (Margaret Welles Barron)",female,0,0,17466,25.9292,D17,48,S,1
864,3,"Sage, Miss. Dorothy Edith ""Dolly""",female,8,2,CA. 2343,69.55,,,S,0
865,2,"Gill, Mr. John William",male,0,0,233866,13,,24,S,0
866,2,"Bystrom, Mrs. (Karolina)",female,0,0,236852,13,,42,S,1
867,2,"Duran y More, Miss. Asuncion",female,1,0,SC/PARIS 2149,13.8583,,27,C,1
868,1,"Roebling, Mr. Washington Augustus II",male,0,0,PC 17590,50.4958,A24,31,S,0
869,3,"van Melkebeke, Mr. Philemon",male,0,0,345777,9.5,,,S,0
870,3,"Johnson, Master. Harold Theodor",male,1,1,347742,11.1333,,4,S,1
871,3,"Balkic, Mr. Cerin",male,0,0,349248,7.8958,,26,S,0
872,1,"Beckwith, Mrs. Richard Leonard (Sallie Monypeny)",female,1,1,11751,52.5542,D35,47,S,1
873,1,"Carlsson, Mr. Frans Olof",male,0,0,695,5,B51 B53 B55,33,S,0
874,3,"Vander Cruyssen, Mr. Victor",male,0,0,345765,9,,47,S,0
875,2,"Abelson, Mrs. Samuel (Hannah Wizosky)",female,1,0,P/PP 3381,24,,28,C,1
876,3,"Najib, Miss. Adele Kiamie ""Jane""",female,0,0,2667,7.225,,15,C,1
877,3,"Gustafsson, Mr. Alfred Ossian",male,0,0,7534,9.8458,,20,S,0
878,3,"Petroff, Mr. Nedelio",male,0,0,349212,7.8958,,19,S,0
879,3,"Laleff, Mr. Kristo",male,0,0,349217,7.8958,,,S,0
880,1,"Potter, Mrs. Thomas Jr (Lily Alexenia Wilson)",female,0,1,11767,83.1583,C50,56,C,1
881,2,"Shelley, Mrs. William (Imanita Parrish Hall)",female,0,1,230433,26,,25,S,1
882,3,"Markun, Mr. Johann",male,0,0,349257,7.8958,,33,S,0
883,3,"Dahlberg, Miss. Gerda Ulrika",female,0,0,7552,10.5167,,22,S,0
884,2,"Banfield, Mr. Frederick James",male,0,0,C.A./SOTON 34068,10.5,,28,S,0
885,3,"Sutehall, Mr. Henry Jr",male,0,0,SOTON/OQ 392076,7.05,,25,S,0
886,3,"Rice, Mrs. William (Margaret Norton)",female,0,5,382652,29.125,,39,Q,0
887,2,"Montvila, Rev. Juozas",male,0,0,211536,13,,27,S,0
888,1,"Graham, Miss. Margaret Edith",female,0,0,112053,30,B42,19,S,1
889,3,"Johnston, Miss. Catherine Helen ""Carrie""",female,1,2,W./C. 6607,23.45,,,S,0
890,1,"Behr, Mr. Karl Howell",male,0,0,111369,30,C148,26,C,1
891,3,"Dooley, Mr. Patrick",male,0,0,370376,7.75,,32,Q,0
892,3,"Kelly, Mr. James",male,0,0,330911,7.8292,,34.5,Q,nan
893,3,"Wilkes, Mrs. James (Ellen Needs)",female,1,0,363272,7,,47,S,nan
894,2,"Myles, Mr. Thomas Francis",male,0,0,240276,9.6875,,62,Q,nan
895,3,"Wirz, Mr. Albert",male,0,0,315154,8.6625,,27,S,nan
896,3,"Hirvonen, Mrs. Alexander (Helga E Lindqvist)",female,1,1,3101298,12.2875,,22,S,nan
897,3,"Svensson, Mr. Johan Cervin",male,0,0,7538,9.225,,14,S,nan
898,3,"Connolly, Miss. Kate",female,0,0,330972,7.6292,,30,Q,nan
899,2,"Caldwell, Mr. Albert Francis",male,1,1,248738,29,,26,S,nan
900,3,"Abrahim, Mrs. Joseph (Sophie Halaut Easu)",female,0,0,2657,7.2292,,18,C,nan
901,3,"Davies, Mr. John Samuel",male,2,0,A/4 48871,24.15,,21,S,nan
902,3,"Ilieff, Mr. Ylio",male,0,0,349220,7.8958,,,S,nan
903,1,"Jones, Mr. Charles Cresson",male,0,0,694,26,,46,S,nan
904,1,"Snyder, Mrs. John Pillsbury (Nelle Stevenson)",female,1,0,21228,82.2667,B45,23,S,nan
905,2,"Howard, Mr. Benjamin",male,1,0,24065,26,,63,S,nan
906,1,"Chaffee, Mrs. Herbert Fuller (Carrie Constance Toogood)",female,1,0,W.E.P. 5734,61.175,E31,47,S,nan
907,2,"del Carlo, Mrs. Sebastiano (Argenia Genovesi)",female,1,0,SC/PARIS 2167,27.7208,,24,C,nan
908,2,"Keane, Mr. Daniel",male,0,0,233734,12.35,,35,Q,nan
909,3,"Assaf, Mr. Gerios",male,0,0,2692,7.225,,21,C,nan
910,3,"Ilmakangas, Miss. Ida Livija",female,1,0,STON/O2. 3101270,7.925,,27,S,nan
911,3,"Assaf Khalil, Mrs. Mariana (Miriam"")""",female,0,0,2696,7.225,,45,C,nan
912,1,"Rothschild, Mr. Martin",male,1,0,PC 17603,59.4,,55,C,nan
913,3,"Olsen, Master. Artur Karl",male,0,1,C 17368,3.1708,,9,S,nan
914,1,"Flegenheim, Mrs. Alfred (Antoinette)",female,0,0,PC 17598,31.6833,,,S,nan
915,1,"Williams, Mr. Richard Norris II",male,0,1,PC 17597,61.3792,,21,C,nan
916,1,"Ryerson, Mrs. Arthur Larned (Emily Maria Borie)",female,1,3,PC 17608,262.375,B57 B59 B63 B66,48,C,nan
917,3,"Robins, Mr. Alexander A",male,1,0,A/5. 3337,14.5,,50,S,nan
918,1,"Ostby, Miss. Helene Ragnhild",female,0,1,113509,61.9792,B36,22,C,nan
919,3,"Daher, Mr. Shedid",male,0,0,2698,7.225,,22.5,C,nan
920,1,"Brady, Mr. John Bertram",male,0,0,113054,30.5,A21,41,S,nan
921,3,"Samaan, Mr. Elias",male,2,0,2662,21.6792,,,C,nan
922,2,"Louch, Mr. Charles Alexander",male,1,0,SC/AH 3085,26,,50,S,nan
923,2,"Jefferys, Mr. Clifford Thomas",male,2,0,C.A. 31029,31.5,,24,S,nan
924,3,"Dean, Mrs. Bertram (Eva Georgetta Light)",female,1,2,C.A. 2315,20.575,,33,S,nan
925,3,"Johnston, Mrs. Andrew G (Elizabeth Lily"" Watson)""",female,1,2,W./C. 6607,23.45,,,S,nan
926,1,"Mock, Mr. Philipp Edmund",male,1,0,13236,57.75,C78,30,C,nan
927,3,"Katavelas, Mr. Vassilios (Catavelas Vassilios"")""",male,0,0,2682,7.2292,,18.5,C,nan
928,3,"Roth, Miss. Sarah A",female,0,0,342712,8.05,,,S,nan
929,3,"Cacic, Miss. Manda",female,0,0,315087,8.6625,,21,S,nan
930,3,"Sap, Mr. Julius",male,0,0,345768,9.5,,25,S,nan
931,3,"Hee, Mr. Ling",male,0,0,1601,56.4958,,,S,nan
932,3,"Karun, Mr. Franz",male,0,1,349256,13.4167,,39,C,nan
933,1,"Franklin, Mr. Thomas Parham",male,0,0,113778,26.55,D34,,S,nan
934,3,"Goldsmith, Mr. Nathan",male,0,0,SOTON/O.Q. 3101263,7.85,,41,S,nan
935,2,"Corbett, Mrs. Walter H (Irene Colvin)",female,0,0,237249,13,,30,S,nan
936,1,"Kimball, Mrs. Edwin Nelson Jr (Gertrude Parsons)",female,1,0,11753,52.5542,D19,45,S,nan
937,3,"Peltomaki, Mr. Nikolai Johannes",male,0,0,STON/O 2. 3101291,7.925,,25,S,nan
938,1,"Chevre, Mr. Paul Romaine",male,0,0,PC 17594,29.7,A9,45,C,nan
939,3,"Shaughnessy, Mr. Patrick",male,0,0,370374,7.75,,,Q,nan
940,1,"Bucknell, Mrs. William Robert (Emma Eliza Ward)",female,0,0,11813,76.2917,D15,60,C,nan
941,3,"Coutts, Mrs. William (Winnie Minnie"" Treanor)""",female,0,2,C.A. 37671,15.9,,36,S,nan
942,1,"Smith, Mr. Lucien Philip",male,1,0,13695,60,C31,24,S,nan
943,2,"Pulbaum, Mr. Franz",male,0,0,SC/PARIS 2168,15.0333,,27,C,nan
944,2,"Hocking, Miss. Ellen Nellie""""",female,2,1,29105,23,,20,S,nan
945,1,"Fortune, Miss. Ethel Flora",female,3,2,19950,263,C23 C25 C27,28,S,nan
946,2,"Mangiavacchi, Mr. Serafino Emilio",male,0,0,SC/A.3 2861,15.5792,,,C,nan
947,3,"Rice, Master. Albert",male,4,1,382652,29.125,,10,Q,nan
948,3,"Cor, Mr. Bartol",male,0,0,349230,7.8958,,35,S,nan
949,3,"Abelseth, Mr. Olaus Jorgensen",male,0,0,348122,7.65,F G63,25,S,nan
950,3,"Davison, Mr. Thomas Henry",male,1,0,386525,16.1,,,S,nan
951,1,"Chaudanson, Miss. Victorine",female,0,0,PC 17608,262.375,B61,36,C,nan
952,3,"Dika, Mr. Mirko",male,0,0,349232,7.8958,,17,S,nan
953,2,"McCrae, Mr. Arthur Gordon",male,0,0,237216,13.5,,32,S,nan
954,3,"Bjorklund, Mr. Ernst Herbert",male,0,0,347090,7.75,,18,S,nan
955,3,"Bradley, Miss. Bridget Delia",female,0,0,334914,7.725,,22,Q,nan
956,1,"Ryerson, Master. John Borie",male,2,2,PC 17608,262.375,B57 B59 B63 B66,13,C,nan
957,2,"Corey, Mrs. Percy C (Mary Phyllis Elizabeth Miller)",female,0,0,F.C.C. 13534,21,,,S,nan
958,3,"Burns, Miss. Mary Delia",female,0,0,330963,7.8792,,18,Q,nan
959,1,"Moore, Mr. Clarence Bloomfield",male,0,0,113796,42.4,,47,S,nan
960,1,"Tucker, Mr. Gilbert Milligan Jr",male,0,0,2543,28.5375,C53,31,C,nan
961,1,"Fortune, Mrs. Mark (Mary McDougald)",female,1,4,19950,263,C23 C25 C27,60,S,nan
962,3,"Mulvihill, Miss. Bertha E",female,0,0,382653,7.75,,24,Q,nan
963,3,"Minkoff, Mr. Lazar",male,0,0,349211,7.8958,,21,S,nan
964,3,"Nieminen, Miss. Manta Josefina",female,0,0,3101297,7.925,,29,S,nan
965,1,"Ovies y Rodriguez, Mr. Servando",male,0,0,PC 17562,27.7208,D43,28.5,C,nan
966,1,"Geiger, Miss. Amalie",female,0,0,113503,211.5,C130,35,C,nan
967,1,"Keeping, Mr. Edwin",male,0,0,113503,211.5,C132,32.5,C,nan
968,3,"Miles, Mr. Frank",male,0,0,359306,8.05,,,S,nan
969,1,"Cornell, Mrs. Robert Clifford (Malvina Helen Lamson)",female,2,0,11770,25.7,C101,55,S,nan
970,2,"Aldworth, Mr. Charles Augustus",male,0,0,248744,13,,30,S,nan
971,3,"Doyle, Miss. Elizabeth",female,0,0,368702,7.75,,24,Q,nan
972,3,"Boulos, Master. Akar",male,1,1,2678,15.2458,,6,C,nan
973,1,"Straus, Mr. Isidor",male,1,0,PC 17483,221.7792,C55 C57,67,S,nan
974,1,"Case, Mr. Howard Brown",male,0,0,19924,26,,49,S,nan
975,3,"Demetri, Mr. Marinko",male,0,0,349238,7.8958,,,S,nan
976,2,"Lamb, Mr. John Joseph",male,0,0,240261,10.7083,,,Q,nan
977,3,"Khalil, Mr. Betros",male,1,0,2660,14.4542,,,C,nan
978,3,"Barry, Miss. Julia",female,0,0,330844,7.8792,,27,Q,nan
979,3,"Badman, Miss. Emily Louisa",female,0,0,A/4 31416,8.05,,18,S,nan
980,3,"O'Donoghue, Ms. Bridget",female,0,0,364856,7.75,,,Q,nan
981,2,"Wells, Master. Ralph Lester",male,1,1,29103,23,,2,S,nan
982,3,"Dyker, Mrs. Adolf Fredrik (Anna Elisabeth Judith Andersson)",female,1,0,347072,13.9,,22,S,nan
983,3,"Pedersen, Mr. Olaf",male,0,0,345498,7.775,,,S,nan
984,1,"Davidson, Mrs. Thornton (Orian Hays)",female,1,2,F.C. 12750,52,B71,27,S,nan
985,3,"Guest, Mr. Robert",male,0,0,376563,8.05,,,S,nan
986,1,"Birnbaum, Mr. Jakob",male,0,0,13905,26,,25,C,nan
987,3,"Tenglin, Mr. Gunnar Isidor",male,0,0,350033,7.7958,,25,S,nan
988,1,"Cavendish, Mrs. Tyrell William (Julia Florence Siegel)",female,1,0,19877,78.85,C46,76,S,nan
989,3,"Makinen, Mr. Kalle Edvard",male,0,0,STON/O 2. 3101268,7.925,,29,S,nan
990,3,"Braf, Miss. Elin Ester Maria",female,0,0,347471,7.8542,,20,S,nan
991,3,"Nancarrow, Mr. William Henry",male,0,0,A./5. 3338,8.05,,33,S,nan
992,1,"Stengel, Mrs. Charles Emil Henry (Annie May Morris)",female,1,0,11778,55.4417,C116,43,C,nan
993,2,"Weisz, Mr. Leopold",male,1,0,228414,26,,27,S,nan
994,3,"Foley, Mr. William",male,0,0,365235,7.75,,,Q,nan
995,3,"Johansson Palmquist, Mr. Oskar Leander",male,0,0,347070,7.775,,26,S,nan
996,3,"Thomas, Mrs. Alexander (Thamine Thelma"")""",female,1,1,2625,8.5167,,16,C,nan
997,3,"Holthen, Mr. Johan Martin",male,0,0,C 4001,22.525,,28,S,nan
998,3,"Buckley, Mr. Daniel",male,0,0,330920,7.8208,,21,Q,nan
999,3,"Ryan, Mr. Edward",male,0,0,383162,7.75,,,Q,nan
1000,3,"Willer, Mr. Aaron (Abi Weller"")""",male,0,0,3410,8.7125,,,S,nan
1001,2,"Swane, Mr. George",male,0,0,248734,13,F,18.5,S,nan
1002,2,"Stanton, Mr. Samuel Ward",male,0,0,237734,15.0458,,41,C,nan
1003,3,"Shine, Miss. Ellen Natalia",female,0,0,330968,7.7792,,,Q,nan
1004,1,"Evans, Miss. Edith Corse",female,0,0,PC 17531,31.6792,A29,36,C,nan
1005,3,"Buckley, Miss. Katherine",female,0,0,329944,7.2833,,18.5,Q,nan
1006,1,"Straus, Mrs. Isidor (Rosalie Ida Blun)",female,1,0,PC 17483,221.7792,C55 C57,63,S,nan
1007,3,"Chronopoulos, Mr. Demetrios",male,1,0,2680,14.4542,,18,C,nan
1008,3,"Thomas, Mr. John",male,0,0,2681,6.4375,,,C,nan
1009,3,"Sandstrom, Miss. Beatrice Irene",female,1,1,PP 9549,16.7,G6,1,S,nan
1010,1,"Beattie, Mr. Thomson",male,0,0,13050,75.2417,C6,36,C,nan
1011,2,"Chapman, Mrs. John Henry (Sara Elizabeth Lawry)",female,1,0,SC/AH 29037,26,,29,S,nan
1012,2,"Watt, Miss. Bertha J",female,0,0,C.A. 33595,15.75,,12,S,nan
1013,3,"Kiernan, Mr. John",male,1,0,367227,7.75,,,Q,nan
1014,1,"Schabert, Mrs. Paul (Emma Mock)",female,1,0,13236,57.75,C28,35,C,nan
1015,3,"Carver, Mr. Alfred John",male,0,0,392095,7.25,,28,S,nan
1016,3,"Kennedy, Mr. John",male,0,0,368783,7.75,,,Q,nan
1017,3,"Cribb, Miss. Laura Alice",female,0,1,371362,16.1,,17,S,nan
1018,3,"Brobeck, Mr. Karl Rudolf",male,0,0,350045,7.7958,,22,S,nan
1019,3,"McCoy, Miss. Alicia",female,2,0,367226,23.25,,,Q,nan
1020,2,"Bowenur, Mr. Solomon",male,0,0,211535,13,,42,S,nan
1021,3,"Petersen, Mr. Marius",male,0,0,342441,8.05,,24,S,nan
1022,3,"Spinner, Mr. Henry John",male,0,0,STON/OQ. 369943,8.05,,32,S,nan
1023,1,"Gracie, Col. Archibald IV",male,0,0,113780,28.5,C51,53,C,nan
1024,3,"Lefebre, Mrs. Frank (Frances)",female,0,4,4133,25.4667,,,S,nan
1025,3,"Thomas, Mr. Charles P",male,1,0,2621,6.4375,,,C,nan
1026,3,"Dintcheff, Mr. Valtcho",male,0,0,349226,7.8958,,43,S,nan
1027,3,"Carlsson, Mr. Carl Robert",male,0,0,350409,7.8542,,24,S,nan
1028,3,"Zakarian, Mr. Mapriededer",male,0,0,2656,7.225,,26.5,C,nan
1029,2,"Schmidt, Mr. August",male,0,0,248659,13,,26,S,nan
1030,3,"Drapkin, Miss. Jennie",female,0,0,SOTON/OQ 392083,8.05,,23,S,nan
1031,3,"Goodwin, Mr. Charles Frederick",male,1,6,CA 2144,46.9,,40,S,nan
1032,3,"Goodwin, Miss. Jessie Allis",female,5,2,CA 2144,46.9,,10,S,nan
1033,1,"Daniels, Miss. Sarah",female,0,0,113781,151.55,,33,S,nan
1034,1,"Ryerson, Mr. Arthur Larned",male,1,3,PC 17608,262.375,B57 B59 B63 B66,61,C,nan
1035,2,"Beauchamp, Mr. Henry James",male,0,0,244358,26,,28,S,nan
1036,1,"Lindeberg-Lind, Mr. Erik Gustaf (Mr Edward Lingrey"")""",male,0,0,17475,26.55,,42,S,nan
1037,3,"Vander Planke, Mr. Julius",male,3,0,345763,18,,31,S,nan
1038,1,"Hilliard, Mr. Herbert Henry",male,0,0,17463,51.8625,E46,,S,nan
1039,3,"Davies, Mr. Evan",male,0,0,SC/A4 23568,8.05,,22,S,nan
1040,1,"Crafton, Mr. John Bertram",male,0,0,113791,26.55,,,S,nan
1041,2,"Lahtinen, Rev. William",male,1,1,250651,26,,30,S,nan
1042,1,"Earnshaw, Mrs. Boulton (Olive Potter)",female,0,1,11767,83.1583,C54,23,C,nan
1043,3,"Matinoff, Mr. Nicola",male,0,0,349255,7.8958,,,C,nan
1044,3,"Storey, Mr. Thomas",male,0,0,3701,,,60.5,S,nan
1045,3,"Klasen, Mrs. (Hulda Kristina Eugenia Lofqvist)",female,0,2,350405,12.1833,,36,S,nan
1046,3,"Asplund, Master. Filip Oscar",male,4,2,347077,31.3875,,13,S,nan
1047,3,"Duquemin, Mr. Joseph",male,0,0,S.O./P.P. 752,7.55,,24,S,nan
1048,1,"Bird, Miss. Ellen",female,0,0,PC 17483,221.7792,C97,29,S,nan
1049,3,"Lundin, Miss. Olga Elida",female,0,0,347469,7.8542,,23,S,nan
1050,1,"Borebank, Mr. John James",male,0,0,110489,26.55,D22,42,S,nan
1051,3,"Peacock, Mrs. Benjamin (Edith Nile)",female,0,2,SOTON/O.Q. 3101315,13.775,,26,S,nan
1052,3,"Smyth, Miss. Julia",female,0,0,335432,7.7333,,,Q,nan
1053,3,"Touma, Master. Georges Youssef",male,1,1,2650,15.2458,,7,C,nan
1054,2,"Wright, Miss. Marion",female,0,0,220844,13.5,,26,S,nan
1055,3,"Pearce, Mr. Ernest",male,0,0,343271,7,,,S,nan
1056,2,"Peruschitz, Rev. Joseph Maria",male,0,0,237393,13,,41,S,nan
1057,3,"Kink-Heilmann, Mrs. Anton (Luise Heilmann)",female,1,1,315153,22.025,,26,S,nan
1058,1,"Brandeis, Mr. Emil",male,0,0,PC 17591,50.4958,B10,48,C,nan
1059,3,"Ford, Mr. Edward Watson",male,2,2,W./C. 6608,34.375,,18,S,nan
1060,1,"Cassebeer, Mrs. Henry Arthur Jr (Eleanor Genevieve Fosdick)",female,0,0,17770,27.7208,,,C,nan
1061,3,"Hellstrom, Miss. Hilda Maria",female,0,0,7548,8.9625,,22,S,nan
1062,3,"Lithman, Mr. Simon",male,0,0,S.O./P.P. 251,7.55,,,S,nan
1063,3,"Zakarian, Mr. Ortin",male,0,0,2670,7.225,,27,C,nan
1064,3,"Dyker, Mr. Adolf Fredrik",male,1,0,347072,13.9,,23,S,nan
1065,3,"Torfa, Mr. Assad",male,0,0,2673,7.2292,,,C,nan
1066,3,"Asplund, Mr. Carl Oscar Vilhelm Gustafsson",male,1,5,347077,31.3875,,40,S,nan
1067,2,"Brown, Miss. Edith Eileen",female,0,2,29750,39,,15,S,nan
1068,2,"Sincock, Miss. Maude",female,0,0,C.A. 33112,36.75,,20,S,nan
1069,1,"Stengel, Mr. Charles Emil Henry",male,1,0,11778,55.4417,C116,54,C,nan
1070,2,"Becker, Mrs. Allen Oliver (Nellie E Baumgardner)",female,0,3,230136,39,F4,36,S,nan
1071,1,"Compton, Mrs. Alexander Taylor (Mary Eliza Ingersoll)",female,0,2,PC 17756,83.1583,E45,64,C,nan
1072,2,"McCrie, Mr. James Matthew",male,0,0,233478,13,,30,S,nan
1073,1,"Compton, Mr. Alexander Taylor Jr",male,1,1,PC 17756,83.1583,E52,37,C,nan
1074,1,"Marvin, Mrs. Daniel Warner (Mary Graham Carmichael Farquarson)",female,1,0,113773,53.1,D30,18,S,nan
1075,3,"Lane, Mr. Patrick",male,0,0,7935,7.75,,,Q,nan
1076,1,"Douglas, Mrs. Frederick Charles (Mary Helene Baxter)",female,1,1,PC 17558,247.5208,B58 B60,27,C,nan
1077,2,"Maybery, Mr. Frank Hubert",male,0,0,239059,16,,40,S,nan
1078,2,"Phillips, Miss. Alice Frances Louisa",female,0,1,S.O./P.P. 2,21,,21,S,nan
1079,3,"Davies, Mr. Joseph",male,2,0,A/4 48873,8.05,,17,S,nan
1080,3,"Sage, Miss. Ada",female,8,2,CA. 2343,69.55,,,S,nan
1081,2,"Veal, Mr. James",male,0,0,28221,13,,40,S,nan
1082,2,"Angle, Mr. William A",male,1,0,226875,26,,34,S,nan
1083,1,"Salomon, Mr. Abraham L",male,0,0,111163,26,,,S,nan
1084,3,"van Billiard, Master. Walter John",male,1,1,A/5. 851,14.5,,11.5,S,nan
1085,2,"Lingane, Mr. John",male,0,0,235509,12.35,,61,Q,nan
1086,2,"Drew, Master. Marshall Brines",male,0,2,28220,32.5,,8,S,nan
1087,3,"Karlsson, Mr. Julius Konrad Eugen",male,0,0,347465,7.8542,,33,S,nan
1088,1,"Spedden, Master. Robert Douglas",male,0,2,16966,134.5,E34,6,C,nan
1089,3,"Nilsson, Miss. Berta Olivia",female,0,0,347066,7.775,,18,S,nan
1090,2,"Baimbrigge, Mr. Charles Robert",male,0,0,C.A. 31030,10.5,,23,S,nan
1091,3,"Rasmussen, Mrs. (Lena Jacobsen Solvang)",female,0,0,65305,8.1125,,,S,nan
1092,3,"Murphy, Miss. Nora",female,0,0,36568,15.5,,,Q,nan
1093,3,"Danbom, Master. Gilbert Sigvard Emanuel",male,0,2,347080,14.4,,0.33,S,nan
1094,1,"Astor, Col. John Jacob",male,1,0,PC 17757,227.525,C62 C64,47,C,nan
1095,2,"Quick, Miss. Winifred Vera",female,1,1,26360,26,,8,S,nan
1096,2,"Andrew, Mr. Frank Thomas",male,0,0,C.A. 34050,10.5,,25,S,nan
1097,1,"Omont, Mr. Alfred Fernand",male,0,0,F.C. 12998,25.7417,,,C,nan
1098,3,"McGowan, Miss. Katherine",female,0,0,9232,7.75,,35,Q,nan
1099,2,"Collett, Mr. Sidney C Stuart",male,0,0,28034,10.5,,24,S,nan
1100,1,"Rosenbaum, Miss. Edith Louise",female,0,0,PC 17613,27.7208,A11,33,C,nan
1101,3,"Delalic, Mr. Redjo",male,0,0,349250,7.8958,,25,S,nan
1102,3,"Andersen, Mr. Albert Karvin",male,0,0,C 4001,22.525,,32,S,nan
1103,3,"Finoli, Mr. Luigi",male,0,0,SOTON/O.Q. 3101308,7.05,,,S,nan
1104,2,"Deacon, Mr. Percy William",male,0,0,S.O.C. 14879,73.5,,17,S,nan
1105,2,"Howard, Mrs. Benjamin (Ellen Truelove Arman)",female,1,0,24065,26,,60,S,nan
1106,3,"Andersson, Miss. Ida Augusta Margareta",female,4,2,347091,7.775,,38,S,nan
1107,1,"Head, Mr. Christopher",male,0,0,113038,42.5,B11,42,S,nan
1108,3,"Mahon, Miss. Bridget Delia",female,0,0,330924,7.8792,,,Q,nan
1109,1,"Wick, Mr. George Dennick",male,1,1,36928,164.8667,,57,S,nan
1110,1,"Widener, Mrs. George Dunton (Eleanor Elkins)",female,1,1,113503,211.5,C80,50,C,nan
1111,3,"Thomson, Mr. Alexander Morrison",male,0,0,32302,8.05,,,S,nan
1112,2,"Duran y More, Miss. Florentina",female,1,0,SC/PARIS 2148,13.8583,,30,C,nan
1113,3,"Reynolds, Mr. Harold J",male,0,0,342684,8.05,,21,S,nan
1114,2,"Cook, Mrs. (Selena Rogers)",female,0,0,W./C. 14266,10.5,F33,22,S,nan
1115,3,"Karlsson, Mr. Einar Gervasius",male,0,0,350053,7.7958,,21,S,nan
1116,1,"Candee, Mrs. Edward (Helen Churchill Hungerford)",female,0,0,PC 17606,27.4458,,53,C,nan
1117,3,"Moubarek, Mrs. George (Omine Amenia"" Alexander)""",female,0,2,2661,15.2458,,,C,nan
1118,3,"Asplund, Mr. Johan Charles",male,0,0,350054,7.7958,,23,S,nan
1119,3,"McNeill, Miss. Bridget",female,0,0,370368,7.75,,,Q,nan
1120,3,"Everett, Mr. Thomas James",male,0,0,C.A. 6212,15.1,,40.5,S,nan
1121,2,"Hocking, Mr. Samuel James Metcalfe",male,0,0,242963,13,,36,S,nan
1122,2,"Sweet, Mr. George Frederick",male,0,0,220845,65,,14,S,nan
1123,1,"Willard, Miss. Constance",female,0,0,113795,26.55,,21,S,nan
1124,3,"Wiklund, Mr. Karl Johan",male,1,0,3101266,6.4958,,21,S,nan
1125,3,"Linehan, Mr. Michael",male,0,0,330971,7.8792,,,Q,nan
1126,1,"Cumings, Mr. John Bradley",male,1,0,PC 17599,71.2833,C85,39,C,nan
1127,3,"Vendel, Mr. Olof Edvin",male,0,0,350416,7.8542,,20,S,nan
1128,1,"Warren, Mr. Frank Manley",male,1,0,110813,75.25,D37,64,C,nan
1129,3,"Baccos, Mr. Raffull",male,0,0,2679,7.225,,20,C,nan
1130,2,"Hiltunen, Miss. Marta",female,1,1,250650,13,,18,S,nan
1131,1,"Douglas, Mrs. Walter Donald (Mahala Dutton)",female,1,0,PC 17761,106.425,C86,48,C,nan
1132,1,"Lindstrom, Mrs. Carl Johan (Sigrid Posse)",female,0,0,112377,27.7208,,55,C,nan
1133,2,"Christy, Mrs. (Alice Frances)",female,0,2,237789,30,,45,S,nan
1134,1,"Spedden, Mr. Frederic Oakley",male,1,1,16966,134.5,E34,45,C,nan
1135,3,"Hyman, Mr. Abraham",male,0,0,3470,7.8875,,,S,nan
1136,3,"Johnston, Master. William Arthur Willie""""",male,1,2,W./C. 6607,23.45,,,S,nan
1137,1,"Kenyon, Mr. Frederick R",male,1,0,17464,51.8625,D21,41,S,nan
1138,2,"Karnes, Mrs. J Frank (Claire Bennett)",female,0,0,F.C.C. 13534,21,,22,S,nan
1139,2,"Drew, Mr. James Vivian",male,1,1,28220,32.5,,42,S,nan
1140,2,"Hold, Mrs. Stephen (Annie Margaret Hill)",female,1,0,26707,26,,29,S,nan
1141,3,"Khalil, Mrs. Betros (Zahie Maria"" Elias)""",female,1,0,2660,14.4542,,,C,nan
1142,2,"West, Miss. Barbara J",female,1,2,C.A. 34651,27.75,,0.92,S,nan
1143,3,"Abrahamsson, Mr. Abraham August Johannes",male,0,0,SOTON/O2 3101284,7.925,,20,S,nan
1144,1,"Clark, Mr. Walter Miller",male,1,0,13508,136.7792,C89,27,C,nan
1145,3,"Salander, Mr. Karl Johan",male,0,0,7266,9.325,,24,S,nan
1146,3,"Wenzel, Mr. Linhart",male,0,0,345775,9.5,,32.5,S,nan
1147,3,"MacKay, Mr. George William",male,0,0,C.A. 42795,7.55,,,S,nan
1148,3,"Mahon, Mr. John",male,0,0,AQ/4 3130,7.75,,,Q,nan
1149,3,"Niklasson, Mr. Samuel",male,0,0,363611,8.05,,28,S,nan
1150,2,"Bentham, Miss. Lilian W",female,0,0,28404,13,,19,S,nan
1151,3,"Midtsjo, Mr. Karl Albert",male,0,0,345501,7.775,,21,S,nan
1152,3,"de Messemaeker, Mr. Guillaume Joseph",male,1,0,345572,17.4,,36.5,S,nan
1153,3,"Nilsson, Mr. August Ferdinand",male,0,0,350410,7.8542,,21,S,nan
1154,2,"Wells, Mrs. Arthur Henry (Addie"" Dart Trevaskis)""",female,0,2,29103,23,,29,S,nan
1155,3,"Klasen, Miss. Gertrud Emilia",female,1,1,350405,12.1833,,1,S,nan
1156,2,"Portaluppi, Mr. Emilio Ilario Giuseppe",male,0,0,C.A. 34644,12.7375,,30,C,nan
1157,3,"Lyntakoff, Mr. Stanko",male,0,0,349235,7.8958,,,S,nan
1158,1,"Chisholm, Mr. Roderick Robert Crispin",male,0,0,112051,0,,,S,nan
1159,3,"Warren, Mr. Charles William",male,0,0,C.A. 49867,7.55,,,S,nan
1160,3,"Howard, Miss. May Elizabeth",female,0,0,A. 2. 39186,8.05,,,S,nan
1161,3,"Pokrnic, Mr. Mate",male,0,0,315095,8.6625,,17,S,nan
1162,1,"McCaffry, Mr. Thomas Francis",male,0,0,13050,75.2417,C6,46,C,nan
1163,3,"Fox, Mr. Patrick",male,0,0,368573,7.75,,,Q,nan
1164,1,"Clark, Mrs. Walter Miller (Virginia McDowell)",female,1,0,13508,136.7792,C89,26,C,nan
1165,3,"Lennon, Miss. Mary",female,1,0,370371,15.5,,,Q,nan
1166,3,"Saade, Mr. Jean Nassr",male,0,0,2676,7.225,,,C,nan
1167,2,"Bryhl, Miss. Dagmar Jenny Ingeborg ",female,1,0,236853,26,,20,S,nan
1168,2,"Parker, Mr. Clifford Richard",male,0,0,SC 14888,10.5,,28,S,nan
1169,2,"Faunthorpe, Mr. Harry",male,1,0,2926,26,,40,S,nan
1170,2,"Ware, Mr. John James",male,1,0,CA 31352,21,,30,S,nan
1171,2,"Oxenham, Mr. Percy Thomas",male,0,0,W./C. 14260,10.5,,22,S,nan
1172,3,"Oreskovic, Miss. Jelka",female,0,0,315085,8.6625,,23,S,nan
1173,3,"Peacock, Master. Alfred Edward",male,1,1,SOTON/O.Q. 3101315,13.775,,0.75,S,nan
1174,3,"Fleming, Miss. Honora",female,0,0,364859,7.75,,,Q,nan
1175,3,"Touma, Miss. Maria Youssef",female,1,1,2650,15.2458,,9,C,nan
1176,3,"Rosblom, Miss. Salli Helena",female,1,1,370129,20.2125,,2,S,nan
1177,3,"Dennis, Mr. William",male,0,0,A/5 21175,7.25,,36,S,nan
1178,3,"Franklin, Mr. Charles (Charles Fardon)",male,0,0,SOTON/O.Q. 3101314,7.25,,,S,nan
1179,1,"Snyder, Mr. John Pillsbury",male,1,0,21228,82.2667,B45,24,S,nan
1180,3,"Mardirosian, Mr. Sarkis",male,0,0,2655,7.2292,F E46,,C,nan
1181,3,"Ford, Mr. Arthur",male,0,0,A/5 1478,8.05,,,S,nan
1182,1,"Rheims, Mr. George Alexander Lucien",male,0,0,PC 17607,39.6,,,S,nan
1183,3,"Daly, Miss. Margaret Marcella Maggie""""",female,0,0,382650,6.95,,30,Q,nan
1184,3,"Nasr, Mr. Mustafa",male,0,0,2652,7.2292,,,C,nan
1185,1,"Dodge, Dr. Washington",male,1,1,33638,81.8583,A34,53,S,nan
1186,3,"Wittevrongel, Mr. Camille",male,0,0,345771,9.5,,36,S,nan
1187,3,"Angheloff, Mr. Minko",male,0,0,349202,7.8958,,26,S,nan
1188,2,"Laroche, Miss. Louise",female,1,2,SC/Paris 2123,41.5792,,1,C,nan
1189,3,"Samaan, Mr. Hanna",male,2,0,2662,21.6792,,,C,nan
1190,1,"Loring, Mr. Joseph Holland",male,0,0,113801,45.5,,30,S,nan
1191,3,"Johansson, Mr. Nils",male,0,0,347467,7.8542,,29,S,nan
1192,3,"Olsson, Mr. Oscar Wilhelm",male,0,0,347079,7.775,,32,S,nan
1193,2,"Malachard, Mr. Noel",male,0,0,237735,15.0458,D,,C,nan
1194,2,"Phillips, Mr. Escott Robert",male,0,1,S.O./P.P. 2,21,,43,S,nan
1195,3,"Pokrnic, Mr. Tome",male,0,0,315092,8.6625,,24,S,nan
1196,3,"McCarthy, Miss. Catherine Katie""""",female,0,0,383123,7.75,,,Q,nan
1197,1,"Crosby, Mrs. Edward Gifford (Catherine Elizabeth Halstead)",female,1,1,112901,26.55,B26,64,S,nan
1198,1,"Allison, Mr. Hudson Joshua Creighton",male,1,2,113781,151.55,C22 C26,30,S,nan
1199,3,"Aks, Master. Philip Frank",male,0,1,392091,9.35,,0.83,S,nan
1200,1,"Hays, Mr. Charles Melville",male,1,1,12749,93.5,B69,55,S,nan
1201,3,"Hansen, Mrs. Claus Peter (Jennie L Howard)",female,1,0,350026,14.1083,,45,S,nan
1202,3,"Cacic, Mr. Jego Grga",male,0,0,315091,8.6625,,18,S,nan
1203,3,"Vartanian, Mr. David",male,0,0,2658,7.225,,22,C,nan
1204,3,"Sadowitz, Mr. Harry",male,0,0,LP 1588,7.575,,,S,nan
1205,3,"Carr, Miss. Jeannie",female,0,0,368364,7.75,,37,Q,nan
1206,1,"White, Mrs. John Stuart (Ella Holmes)",female,0,0,PC 17760,135.6333,C32,55,C,nan
1207,3,"Hagardon, Miss. Kate",female,0,0,AQ/3. 30631,7.7333,,17,Q,nan
1208,1,"Spencer, Mr. William Augustus",male,1,0,PC 17569,146.5208,B78,57,C,nan
1209,2,"Rogers, Mr. Reginald Harry",male,0,0,28004,10.5,,19,S,nan
1210,3,"Jonsson, Mr. Nils Hilding",male,0,0,350408,7.8542,,27,S,nan
1211,2,"Jefferys, Mr. Ernest Wilfred",male,2,0,C.A. 31029,31.5,,22,S,nan
1212,3,"Andersson, Mr. Johan Samuel",male,0,0,347075,7.775,,26,S,nan
1213,3,"Krekorian, Mr. Neshan",male,0,0,2654,7.2292,F E57,25,C,nan
1214,2,"Nesson, Mr. Israel",male,0,0,244368,13,F2,26,S,nan
1215,1,"Rowe, Mr. Alfred G",male,0,0,113790,26.55,,33,S,nan
1216,1,"Kreuchen, Miss. Emilie",female,0,0,24160,211.3375,,39,S,nan
1217,3,"Assam, Mr. Ali",male,0,0,SOTON/O.Q. 3101309,7.05,,23,S,nan
1218,2,"Becker, Miss. Ruth Elizabeth",female,2,1,230136,39,F4,12,S,nan
1219,1,"Rosenshine, Mr. George (Mr George Thorne"")""",male,0,0,PC 17585,79.2,,46,C,nan
1220,2,"Clarke, Mr. Charles Valentine",male,1,0,2003,26,,29,S,nan
1221,2,"Enander, Mr. Ingvar",male,0,0,236854,13,,21,S,nan
1222,2,"Davies, Mrs. John Morgan (Elizabeth Agnes Mary White) ",female,0,2,C.A. 33112,36.75,,48,S,nan
1223,1,"Dulles, Mr. William Crothers",male,0,0,PC 17580,29.7,A18,39,C,nan
1224,3,"Thomas, Mr. Tannous",male,0,0,2684,7.225,,,C,nan
1225,3,"Nakid, Mrs. Said (Waika Mary"" Mowad)""",female,1,1,2653,15.7417,,19,C,nan
1226,3,"Cor, Mr. Ivan",male,0,0,349229,7.8958,,27,S,nan
1227,1,"Maguire, Mr. John Edward",male,0,0,110469,26,C106,30,S,nan
1228,2,"de Brito, Mr. Jose Joaquim",male,0,0,244360,13,,32,S,nan
1229,3,"Elias, Mr. Joseph",male,0,2,2675,7.2292,,39,C,nan
1230,2,"Denbury, Mr. Herbert",male,0,0,C.A. 31029,31.5,,25,S,nan
1231,3,"Betros, Master. Seman",male,0,0,2622,7.2292,,,C,nan
1232,2,"Fillbrook, Mr. Joseph Charles",male,0,0,C.A. 15185,10.5,,18,S,nan
1233,3,"Lundstrom, Mr. Thure Edvin",male,0,0,350403,7.5792,,32,S,nan
1234,3,"Sage, Mr. John George",male,1,9,CA. 2343,69.55,,,S,nan
1235,1,"Cardeza, Mrs. James Warburton Martinez (Charlotte Wardle Drake)",female,0,1,PC 17755,512.3292,B51 B53 B55,58,C,nan
1236,3,"van Billiard, Master. James William",male,1,1,A/5. 851,14.5,,,S,nan
1237,3,"Abelseth, Miss. Karen Marie",female,0,0,348125,7.65,,16,S,nan
1238,2,"Botsford, Mr. William Hull",male,0,0,237670,13,,26,S,nan
1239,3,"Whabee, Mrs. George Joseph (Shawneene Abi-Saab)",female,0,0,2688,7.2292,,38,C,nan
1240,2,"Giles, Mr. Ralph",male,0,0,248726,13.5,,24,S,nan
1241,2,"Walcroft, Miss. Nellie",female,0,0,F.C.C. 13528,21,,31,S,nan
1242,1,"Greenfield, Mrs. Leo David (Blanche Strouse)",female,0,1,PC 17759,63.3583,D10 D12,45,C,nan
1243,2,"Stokes, Mr. Philip Joseph",male,0,0,F.C.C. 13540,10.5,,25,S,nan
1244,2,"Dibden, Mr. William",male,0,0,S.O.C. 14879,73.5,,18,S,nan
1245,2,"Herman, Mr. Samuel",male,1,2,220845,65,,49,S,nan
1246,3,"Dean, Miss. Elizabeth Gladys Millvina""""",female,1,2,C.A. 2315,20.575,,0.17,S,nan
1247,1,"Julian, Mr. Henry Forbes",male,0,0,113044,26,E60,50,S,nan
1248,1,"Brown, Mrs. John Murray (Caroline Lane Lamson)",female,2,0,11769,51.4792,C101,59,S,nan
1249,3,"Lockyer, Mr. Edward",male,0,0,1222,7.8792,,,S,nan
1250,3,"O'Keefe, Mr. Patrick",male,0,0,368402,7.75,,,Q,nan
1251,3,"Lindell, Mrs. Edvard Bengtsson (Elin Gerda Persson)",female,1,0,349910,15.55,,30,S,nan
1252,3,"Sage, Master. William Henry",male,8,2,CA. 2343,69.55,,14.5,S,nan
1253,2,"Mallet, Mrs. Albert (Antoinette Magnin)",female,1,1,S.C./PARIS 2079,37.0042,,24,C,nan
1254,2,"Ware, Mrs. John James (Florence Louise Long)",female,0,0,CA 31352,21,,31,S,nan
1255,3,"Strilic, Mr. Ivan",male,0,0,315083,8.6625,,27,S,nan
1256,1,"Harder, Mrs. George Achilles (Dorothy Annan)",female,1,0,11765,55.4417,E50,25,C,nan
1257,3,"Sage, Mrs. John (Annie Bullen)",female,1,9,CA. 2343,69.55,,,S,nan
1258,3,"Caram, Mr. Joseph",male,1,0,2689,14.4583,,,C,nan
1259,3,"Riihivouri, Miss. Susanna Juhantytar Sanni""""",female,0,0,3101295,39.6875,,22,S,nan
1260,1,"Gibson, Mrs. Leonard (Pauline C Boeson)",female,0,1,112378,59.4,,45,C,nan
1261,2,"Pallas y Castello, Mr. Emilio",male,0,0,SC/PARIS 2147,13.8583,,29,C,nan
1262,2,"Giles, Mr. Edgar",male,1,0,28133,11.5,,21,S,nan
1263,1,"Wilson, Miss. Helen Alice",female,0,0,16966,134.5,E39 E41,31,C,nan
1264,1,"Ismay, Mr. Joseph Bruce",male,0,0,112058,0,B52 B54 B56,49,S,nan
1265,2,"Harbeck, Mr. William H",male,0,0,248746,13,,44,S,nan
1266,1,"Dodge, Mrs. Washington (Ruth Vidaver)",female,1,1,33638,81.8583,A34,54,S,nan
1267,1,"Bowen, Miss. Grace Scott",female,0,0,PC 17608,262.375,,45,C,nan
1268,3,"Kink, Miss. Maria",female,2,0,315152,8.6625,,22,S,nan
1269,2,"Cotterill, Mr. Henry Harry""""",male,0,0,29107,11.5,,21,S,nan
1270,1,"Hipkins, Mr. William Edward",male,0,0,680,50,C39,55,S,nan
1271,3,"Asplund, Master. Carl Edgar",male,4,2,347077,31.3875,,5,S,nan
1272,3,"O'Connor, Mr. Patrick",male,0,0,366713,7.75,,,Q,nan
1273,3,"Foley, Mr. Joseph",male,0,0,330910,7.8792,,26,Q,nan
1274,3,"Risien, Mrs. Samuel (Emma)",female,0,0,364498,14.5,,,S,nan
1275,3,"McNamee, Mrs. Neal (Eileen O'Leary)",female,1,0,376566,16.1,,19,S,nan
1276,2,"Wheeler, Mr. Edwin Frederick""""",male,0,0,SC/PARIS 2159,12.875,,,S,nan
1277,2,"Herman, Miss. Kate",female,1,2,220845,65,,24,S,nan
1278,3,"Aronsson, Mr. Ernst Axel Algot",male,0,0,349911,7.775,,24,S,nan
1279,2,"Ashby, Mr. John",male,0,0,244346,13,,57,S,nan
1280,3,"Canavan, Mr. Patrick",male,0,0,364858,7.75,,21,Q,nan
1281,3,"Palsson, Master. Paul Folke",male,3,1,349909,21.075,,6,S,nan
1282,1,"Payne, Mr. Vivian Ponsonby",male,0,0,12749,93.5,B24,23,S,nan
1283,1,"Lines, Mrs. Ernest H (Elizabeth Lindsey James)",female,0,1,PC 17592,39.4,D28,51,S,nan
1284,3,"Abbott, Master. Eugene Joseph",male,0,2,C.A. 2673,20.25,,13,S,nan
1285,2,"Gilbert, Mr. William",male,0,0,C.A. 30769,10.5,,47,S,nan
1286,3,"Kink-Heilmann, Mr. Anton",male,3,1,315153,22.025,,29,S,nan
1287,1,"Smith, Mrs. Lucien Philip (Mary Eloise Hughes)",female,1,0,13695,60,C31,18,S,nan
1288,3,"Colbert, Mr. Patrick",male,0,0,371109,7.25,,24,Q,nan
1289,1,"Frolicher-Stehli, Mrs. Maxmillian (Margaretha Emerentia Stehli)",female,1,1,13567,79.2,B41,48,C,nan
1290,3,"Larsson-Rondberg, Mr. Edvard A",male,0,0,347065,7.775,,22,S,nan
1291,3,"Conlon, Mr. Thomas Henry",male,0,0,21332,7.7333,,31,Q,nan
1292,1,"Bonnell, Miss. Caroline",female,0,0,36928,164.8667,C7,30,S,nan
1293,2,"Gale, Mr. Harry",male,1,0,28664,21,,38,S,nan
1294,1,"Gibson, Miss. Dorothy Winifred",female,0,1,112378,59.4,,22,C,nan
1295,1,"Carrau, Mr. Jose Pedro",male,0,0,113059,47.1,,17,S,nan
1296,1,"Frauenthal, Mr. Isaac Gerald",male,1,0,17765,27.7208,D40,43,C,nan
1297,2,"Nourney, Mr. Alfred (Baron von Drachstedt"")""",male,0,0,SC/PARIS 2166,13.8625,D38,20,C,nan
1298,2,"Ware, Mr. William Jeffery",male,1,0,28666,10.5,,23,S,nan
1299,1,"Widener, Mr. George Dunton",male,1,1,113503,211.5,C80,50,C,nan
1300,3,"Riordan, Miss. Johanna Hannah""""",female,0,0,334915,7.7208,,,Q,nan
1301,3,"Peacock, Miss. Treasteall",female,1,1,SOTON/O.Q. 3101315,13.775,,3,S,nan
1302,3,"Naughton, Miss. Hannah",female,0,0,365237,7.75,,,Q,nan
1303,1,"Minahan, Mrs. William Edward (Lillian E Thorpe)",female,1,0,19928,90,C78,37,Q,nan
1304,3,"Henriksson, Miss. Jenny Lovisa",female,0,0,347086,7.775,,28,S,nan
1305,3,"Spector, Mr. Woolf",male,0,0,A.5. 3236,8.05,,,S,nan
1306,1,"Oliva y Ocana, Dona. Fermina",female,0,0,PC 17758,108.9,C105,39,C,nan
1307,3,"Saether, Mr. Simon Sivertsen",male,0,0,SOTON/O.Q. 3101262,7.25,,38.5,S,nan
1308,3,"Ware, Mr. Frederick",male,0,0,359309,8.05,,,S,nan
1309,3,"Peter, Master. Michael J",male,1,1,2668,22.3583,,,C,nan
